timestamp,datetime,open,high,low,close,volume
1780491600000,2026-06-03 13:00:00,75.05,75.05,74.44,74.59,469.879
1780495200000,2026-06-03 14:00:00,74.52,74.58,73.88,74.42,1142.012
1780498800000,2026-06-03 15:00:00,74.43,74.43,73.27,73.27,2402.963
1780502400000,2026-06-03 16:00:00,73.39,73.39,72.09,72.97,1328.012
1780506000000,2026-06-03 17:00:00,73.01,74.07,72.46,73.17,1120.647
1780509600000,2026-06-03 18:00:00,73.14,73.43,72.52,73.07,931.191
1780513200000,2026-06-03 19:00:00,73.1,73.16,71.76,72.03,1170.488
1780516800000,2026-06-03 20:00:00,72.06,72.42,70.98,71.21,2894.64
1780520400000,2026-06-03 21:00:00,71.21,72.84,71.05,72.8,2741.208
1780524000000,2026-06-03 22:00:00,72.77,73.09,71.96,72.22,1181.828
1780527600000,2026-06-03 23:00:00,72.19,72.23,71.61,71.61,1004.655
1780531200000,2026-06-04 00:00:00,71.64,72.09,70.37,70.64,1301.739
1780534800000,2026-06-04 01:00:00,70.73,70.94,68.51,68.58,2259.12
1780538400000,2026-06-04 02:00:00,68.58,70.45,66.95,70.08,3086.311
1780542000000,2026-06-04 03:00:00,70.07,71.63,70.07,71.49,2768.539
1780545600000,2026-06-04 04:00:00,71.49,71.76,70.82,70.88,3209.458
1780549200000,2026-06-04 05:00:00,70.88,70.89,69.96,70.34,5737.785
1780552800000,2026-06-04 06:00:00,70.35,71.16,70.29,70.37,6693.534
1780556400000,2026-06-04 07:00:00,70.35,70.38,69.19,69.19,5940.006
1780560000000,2026-06-04 08:00:00,69.17,69.44,68.33,69.23,7191.031
1780563600000,2026-06-04 09:00:00,69.22,69.23,67.76,68.83,7054.486
1780567200000,2026-06-04 10:00:00,68.83,68.91,67.59,67.9,8489.574
1780570800000,2026-06-04 11:00:00,67.9,68.67,67.47,68.67,8102.799
1780574400000,2026-06-04 12:00:00,68.64,70.27,68.33,70.11,8215.013
1780578000000,2026-06-04 13:00:00,70.12,70.53,69.06,70.33,6996.88
1780581600000,2026-06-04 14:00:00,70.33,70.61,69.56,69.75,7712.953
1780585200000,2026-06-04 15:00:00,69.76,70.47,69.39,69.66,6866.063
1780588800000,2026-06-04 16:00:00,69.65,69.65,68.98,69.42,6161.464
1780592400000,2026-06-04 17:00:00,69.42,69.72,68.52,69.25,5985.158
1780596000000,2026-06-04 18:00:00,69.27,69.85,68.68,69.53,5965.817
1780599600000,2026-06-04 19:00:00,69.53,69.7,69.06,69.17,3920.865
1780603200000,2026-06-04 20:00:00,69.16,69.17,68.48,68.83,6608.64
1780606800000,2026-06-04 21:00:00,68.83,69.04,67.66,67.83,3450.749
1780610400000,2026-06-04 22:00:00,67.83,68.54,67.61,68.49,3877.894
1780614000000,2026-06-04 23:00:00,68.5,68.92,68.05,68.89,5451.973
1780617600000,2026-06-05 00:00:00,68.89,69.07,68.31,68.33,9140.482
1780621200000,2026-06-05 01:00:00,68.33,68.77,67.65,68.52,12044.914
1780624800000,2026-06-05 02:00:00,68.56,68.59,67.24,67.38,12948.535
1780628400000,2026-06-05 03:00:00,67.38,67.82,66.95,67.07,15657.289
1780632000000,2026-06-05 04:00:00,67.06,67.98,66.62,67.92,10920.882
1780635600000,2026-06-05 05:00:00,67.92,68.03,66.08,66.26,13346.772
1780639200000,2026-06-05 06:00:00,66.25,66.56,63.95,65.08,13032.026
1780642800000,2026-06-05 07:00:00,65.05,66.28,63.96,66.1,14865.454
1780646400000,2026-06-05 08:00:00,66.15,66.16,65.1,65.28,14509.447
1780650000000,2026-06-05 09:00:00,65.28,66.57,65.28,66.54,13295.228
1780653600000,2026-06-05 10:00:00,66.56,66.72,66.19,66.39,10524.991
1780657200000,2026-06-05 11:00:00,66.43,66.78,65.84,66.12,11393.542
1780660800000,2026-06-05 12:00:00,66.12,66.3,65.23,65.82,12086.919
1780664400000,2026-06-05 13:00:00,65.83,66.78,64.32,64.41,8319.824
1780668000000,2026-06-05 14:00:00,64.35,65.79,64.2,65.22,4916.259
1780671600000,2026-06-05 15:00:00,65.26,65.28,63.81,64.31,4985.447
1780675200000,2026-06-05 16:00:00,64.32,65.94,63.23,65.87,6603.695
1780678800000,2026-06-05 17:00:00,65.88,66.06,64.82,65.09,6399.686
1780682400000,2026-06-05 18:00:00,65.08,65.37,62.65,62.91,6954.728
1780686000000,2026-06-05 19:00:00,62.9,63.72,61.54,63.56,6688.346
1780689600000,2026-06-05 20:00:00,63.54,64.78,62.75,64.63,3046.334
1780693200000,2026-06-05 21:00:00,64.68,65.4,64.54,64.92,4591.883
1780696800000,2026-06-05 22:00:00,64.93,64.93,63.86,64.43,5340.643
1780700400000,2026-06-05 23:00:00,64.44,64.7,62.73,63.62,4731.308
1780704000000,2026-06-06 00:00:00,63.64,64.84,63.64,64.69,10657.979
1780707600000,2026-06-06 01:00:00,64.68,64.82,63.83,63.91,7354.553
1780711200000,2026-06-06 02:00:00,63.91,63.93,63.29,63.56,10403.932
1780714800000,2026-06-06 03:00:00,63.52,63.53,62.63,62.86,10554.767
1780718400000,2026-06-06 04:00:00,62.85,63.09,60.4,60.87,8950.053
1780722000000,2026-06-06 05:00:00,60.87,62.71,60.17,62.61,12117.712
1780725600000,2026-06-06 06:00:00,62.61,63.34,62.1,62.2,8493.015
1780729200000,2026-06-06 07:00:00,62.21,63.13,62.08,62.76,10997.0
1780732800000,2026-06-06 08:00:00,62.76,63.59,62.57,63.18,10331.406
1780736400000,2026-06-06 09:00:00,63.16,63.55,62.49,62.68,9930.212
1780740000000,2026-06-06 10:00:00,62.67,62.71,61.27,61.87,15329.852
1780743600000,2026-06-06 11:00:00,61.87,62.65,61.78,62.45,12644.434
1780747200000,2026-06-06 12:00:00,62.46,63.08,62.05,62.94,17762.584
1780750800000,2026-06-06 13:00:00,62.92,63.05,62.19,62.42,9404.46
1780754400000,2026-06-06 14:00:00,62.42,62.9,62.37,62.37,8644.663
1780758000000,2026-06-06 15:00:00,62.33,62.42,61.37,62.1,2136.302
1780761600000,2026-06-06 16:00:00,61.99,62.39,61.44,62.1,6629.959
1780765200000,2026-06-06 17:00:00,62.11,62.22,61.5,61.62,13338.842
1780768800000,2026-06-06 18:00:00,61.62,62.13,61.43,61.76,21240.129
1780772400000,2026-06-06 19:00:00,61.74,62.19,61.62,61.66,29456.338
1780776000000,2026-06-06 20:00:00,61.65,61.92,61.41,61.83,15496.318
1780779600000,2026-06-06 21:00:00,61.83,62.33,61.83,61.91,1489.597
1780783200000,2026-06-06 22:00:00,61.91,61.97,61.49,61.82,2271.979
1780786800000,2026-06-06 23:00:00,61.81,62.28,61.71,62.2,4608.879
1780790400000,2026-06-07 00:00:00,62.21,62.62,61.97,62.11,6063.205
1780794000000,2026-06-07 01:00:00,62.1,63.82,62.04,63.68,13368.178
1780797600000,2026-06-07 02:00:00,63.67,63.76,63.11,63.57,12042.035
1780801200000,2026-06-07 03:00:00,63.57,64.03,63.43,63.81,12946.842
1780804800000,2026-06-07 04:00:00,63.84,64.13,63.31,64.09,10424.898
1780808400000,2026-06-07 05:00:00,64.09,64.44,63.91,64.28,9285.811
1780812000000,2026-06-07 06:00:00,64.26,64.99,64.04,64.9,10048.041
1780815600000,2026-06-07 07:00:00,64.86,65.0,64.62,64.93,6943.212
1780819200000,2026-06-07 08:00:00,64.93,65.93,64.51,65.93,11454.045
1780822800000,2026-06-07 09:00:00,65.89,66.1,64.87,65.01,12336.383
1780826400000,2026-06-07 10:00:00,65.01,65.06,64.51,64.68,14770.927
1780830000000,2026-06-07 11:00:00,64.67,65.24,64.57,65.07,11644.8
1780833600000,2026-06-07 12:00:00,65.05,65.1,63.73,64.3,13654.464
1780837200000,2026-06-07 13:00:00,64.33,64.43,64.1,64.35,9827.273
1780840800000,2026-06-07 14:00:00,64.34,65.35,64.33,64.94,12364.846
1780844400000,2026-06-07 15:00:00,64.92,65.24,64.64,64.97,9844.62
1780848000000,2026-06-07 16:00:00,64.99,65.32,64.78,65.15,13656.695
1780851600000,2026-06-07 17:00:00,65.16,65.6,65.09,65.31,8142.007
1780855200000,2026-06-07 18:00:00,65.33,65.58,64.94,64.95,3631.786
1780858800000,2026-06-07 19:00:00,64.94,64.97,63.66,63.94,6179.438
1780862400000,2026-06-07 20:00:00,63.95,64.8,63.76,64.72,6857.8
1780866000000,2026-06-07 21:00:00,64.69,64.91,64.32,64.59,4769.466
1780869600000,2026-06-07 22:00:00,64.62,67.72,64.57,65.9,13683.213
1780873200000,2026-06-07 23:00:00,65.8,66.53,65.78,66.41,8753.723
1780876800000,2026-06-08 00:00:00,66.5,67.06,66.05,66.73,15576.441
1780880400000,2026-06-08 01:00:00,66.73,66.74,65.41,66.14,14960.487
1780884000000,2026-06-08 02:00:00,66.15,66.62,66.07,66.47,14260.964
1780887600000,2026-06-08 03:00:00,66.45,66.72,66.2,66.33,11028.938
1780891200000,2026-06-08 04:00:00,66.35,66.42,65.38,65.6,13502.528
1780894800000,2026-06-08 05:00:00,65.59,65.65,65.0,65.3,11490.328
1780898400000,2026-06-08 06:00:00,65.29,65.85,65.29,65.69,13315.272
1780902000000,2026-06-08 07:00:00,65.7,66.22,65.4,66.08,14992.866
1780905600000,2026-06-08 08:00:00,66.08,66.08,65.45,65.67,17405.695
1780909200000,2026-06-08 09:00:00,65.63,66.37,65.61,66.37,17244.235
1780912800000,2026-06-08 10:00:00,66.39,66.42,65.81,66.2,11478.082
1780916400000,2026-06-08 11:00:00,66.18,67.06,66.04,66.68,11211.715
1780920000000,2026-06-08 12:00:00,66.72,67.28,66.04,67.25,16485.403
1780923600000,2026-06-08 13:00:00,67.24,67.27,66.43,66.84,18005.466
1780927200000,2026-06-08 14:00:00,66.83,67.3,66.48,67.28,24498.203
1780930800000,2026-06-08 15:00:00,67.28,67.79,67.06,67.1,19398.888
1780934400000,2026-06-08 16:00:00,67.11,67.74,66.92,66.96,8771.235
1780938000000,2026-06-08 17:00:00,66.98,67.37,66.56,67.37,11565.136
1780941600000,2026-06-08 18:00:00,67.37,67.6,67.16,67.44,8180.038
1780945200000,2026-06-08 19:00:00,67.43,67.81,67.29,67.47,9481.242
1780948800000,2026-06-08 20:00:00,67.47,67.51,66.95,67.43,10469.507
1780952400000,2026-06-08 21:00:00,67.43,68.11,67.43,67.49,9251.167
1780956000000,2026-06-08 22:00:00,67.48,67.48,66.86,67.17,15262.329
1780959600000,2026-06-08 23:00:00,67.19,67.41,66.68,66.81,11793.081
1780963200000,2026-06-09 00:00:00,66.82,66.85,65.32,65.43,25693.161
1780966800000,2026-06-09 01:00:00,65.43,66.05,65.41,66.03,18238.029
1780970400000,2026-06-09 02:00:00,66.04,66.08,65.56,65.9,16722.412
1780974000000,2026-06-09 03:00:00,65.89,66.09,65.68,66.03,12321.996
1780977600000,2026-06-09 04:00:00,66.03,67.39,65.85,67.06,22328.852
1780981200000,2026-06-09 05:00:00,67.0,67.36,66.72,67.19,23344.987
1780984800000,2026-06-09 06:00:00,67.2,67.45,67.0,67.05,14267.998
1780988400000,2026-06-09 07:00:00,67.06,67.34,53.99,66.88,24553.386
1780992000000,2026-06-09 08:00:00,66.91,66.93,66.41,66.63,14659.938
1780995600000,2026-06-09 09:00:00,66.62,66.81,66.09,66.16,11112.765
1780999200000,2026-06-09 10:00:00,66.18,66.48,66.0,66.4,14412.11
1781002800000,2026-06-09 11:00:00,66.43,66.45,65.91,66.11,15177.517
1781006400000,2026-06-09 12:00:00,66.11,66.5,65.95,66.14,14806.749
1781010000000,2026-06-09 13:00:00,66.14,66.36,65.63,65.88,24592.409
1781013600000,2026-06-09 14:00:00,65.87,65.97,64.44,65.07,30031.046
1781017200000,2026-06-09 15:00:00,65.06,65.29,64.28,64.36,24461.406
1781020800000,2026-06-09 16:00:00,64.37,64.48,63.57,64.14,26689.534
1781024400000,2026-06-09 17:00:00,64.14,65.17,64.1,64.8,25939.781
1781028000000,2026-06-09 18:00:00,64.8,65.52,64.69,65.31,23619.223
1781031600000,2026-06-09 19:00:00,65.3,65.66,65.05,65.45,21400.618
1781035200000,2026-06-09 20:00:00,65.45,65.7,65.31,65.63,7058.31
1781038800000,2026-06-09 21:00:00,65.63,65.65,64.91,65.0,8364.947
1781042400000,2026-06-09 22:00:00,64.99,65.34,64.85,64.88,5100.914
1781046000000,2026-06-09 23:00:00,64.9,65.15,64.75,64.94,5539.857
1781049600000,2026-06-10 00:00:00,64.97,65.21,64.52,65.11,17926.009
1781053200000,2026-06-10 01:00:00,65.18,65.3,64.84,65.1,24122.993
1781056800000,2026-06-10 02:00:00,65.11,65.23,64.25,64.34,23274.669
1781060400000,2026-06-10 03:00:00,64.33,64.82,64.29,64.52,14289.981
1781064000000,2026-06-10 04:00:00,64.56,64.63,64.13,64.28,13904.096
1781067600000,2026-06-10 05:00:00,64.29,64.38,63.92,64.12,16334.253
1781071200000,2026-06-10 06:00:00,64.11,64.35,63.92,64.21,25592.191
1781074800000,2026-06-10 07:00:00,64.21,64.77,64.16,64.5,18871.781
1781078400000,2026-06-10 08:00:00,64.51,64.52,63.44,63.61,22170.856
1781082000000,2026-06-10 09:00:00,63.61,63.73,63.13,63.63,19990.196
1781085600000,2026-06-10 10:00:00,63.62,63.78,63.29,63.68,16592.077
1781089200000,2026-06-10 11:00:00,63.67,63.73,63.06,63.5,25471.881
1781092800000,2026-06-10 12:00:00,63.5,64.49,63.31,64.13,26920.586
1781096400000,2026-06-10 13:00:00,64.12,65.52,64.01,65.06,25147.996
1781100000000,2026-06-10 14:00:00,65.08,65.27,64.6,65.06,29601.649
1781103600000,2026-06-10 15:00:00,65.07,65.72,64.58,65.41,30344.225
1781107200000,2026-06-10 16:00:00,65.44,65.45,64.27,64.62,25676.636
1781110800000,2026-06-10 17:00:00,64.62,64.95,63.65,64.05,28251.726
1781114400000,2026-06-10 18:00:00,64.05,64.21,63.43,63.84,24894.064
1781118000000,2026-06-10 19:00:00,63.83,63.94,63.48,63.6,20435.266
1781121600000,2026-06-10 20:00:00,63.52,63.64,63.19,63.37,4207.197
1781125200000,2026-06-10 21:00:00,63.36,63.37,62.4,62.59,6030.26
1781128800000,2026-06-10 22:00:00,62.6,63.04,62.39,62.84,9657.976
1781132400000,2026-06-10 23:00:00,62.77,63.3,62.47,63.24,2039.472
1781136000000,2026-06-11 00:00:00,63.21,63.76,63.21,63.72,21778.979
1781139600000,2026-06-11 01:00:00,63.67,65.14,63.67,64.91,22884.985
1781143200000,2026-06-11 02:00:00,64.9,65.0,64.38,64.56,17182.448
1781146800000,2026-06-11 03:00:00,64.55,65.44,64.36,65.3,14353.621
1781150400000,2026-06-11 04:00:00,65.27,65.34,64.99,65.21,14672.012
1781154000000,2026-06-11 05:00:00,65.21,65.24,65.02,65.08,10091.273
1781157600000,2026-06-11 06:00:00,65.09,65.42,64.81,65.14,15295.189
1781161200000,2026-06-11 07:00:00,65.11,65.16,64.79,65.02,9926.197
1781164800000,2026-06-11 08:00:00,65.04,65.53,65.03,65.33,10534.641
1781168400000,2026-06-11 09:00:00,65.31,65.56,65.02,65.43,10512.294
1781172000000,2026-06-11 10:00:00,65.39,65.64,65.29,65.51,10105.351
1781175600000,2026-06-11 11:00:00,65.5,66.12,65.37,65.89,11053.98
1781179200000,2026-06-11 12:00:00,65.88,65.89,64.93,65.27,18595.685
1781182800000,2026-06-11 13:00:00,65.26,65.7,65.06,65.52,17935.438
1781186400000,2026-06-11 14:00:00,65.52,65.78,65.02,65.36,19141.266
1781190000000,2026-06-11 15:00:00,65.36,65.82,65.02,65.54,16209.838
1781193600000,2026-06-11 16:00:00,65.56,65.8,65.36,65.38,14263.733
1781197200000,2026-06-11 17:00:00,65.38,67.17,65.06,67.09,23725.677
1781200800000,2026-06-11 18:00:00,67.15,67.29,66.68,66.79,17187.961
1781204400000,2026-06-11 19:00:00,66.8,67.32,66.6,66.91,14635.65
1781208000000,2026-06-11 20:00:00,66.93,67.04,66.37,66.56,9090.568
1781211600000,2026-06-11 21:00:00,66.59,67.1,66.59,66.88,8280.354
1781215200000,2026-06-11 22:00:00,66.9,67.1,66.87,66.91,12532.559
1781218800000,2026-06-11 23:00:00,66.89,67.08,66.72,66.86,11664.886
1781222400000,2026-06-12 00:00:00,66.92,67.08,66.76,66.92,12582.186
1781226000000,2026-06-12 01:00:00,66.88,66.88,66.47,66.68,11938.208
1781229600000,2026-06-12 02:00:00,66.7,67.29,66.69,67.17,12391.456
1781233200000,2026-06-12 03:00:00,67.15,67.15,66.7,67.04,17005.394
1781236800000,2026-06-12 04:00:00,67.04,67.17,66.86,67.08,10256.831
1781240400000,2026-06-12 05:00:00,67.06,67.06,66.65,66.74,12338.351
1781244000000,2026-06-12 06:00:00,66.74,66.8,65.95,66.12,13996.883
1781247600000,2026-06-12 07:00:00,66.11,66.46,66.11,66.34,15209.79
1781251200000,2026-06-12 08:00:00,66.34,67.01,66.33,66.94,11292.552
1781254800000,2026-06-12 09:00:00,66.92,67.45,66.87,67.21,16597.088
1781258400000,2026-06-12 10:00:00,67.19,67.33,66.59,66.81,19022.627
1781262000000,2026-06-12 11:00:00,66.79,67.09,66.79,66.94,15172.353
1781265600000,2026-06-12 12:00:00,66.89,67.0,66.67,66.76,19443.603
1781269200000,2026-06-12 13:00:00,66.77,66.99,66.37,66.72,27647.677
1781272800000,2026-06-12 14:00:00,66.71,67.98,66.7,67.92,62957.782
1781276400000,2026-06-12 15:00:00,67.92,68.8,67.21,67.22,31702.869
1781280000000,2026-06-12 16:00:00,67.21,68.0,67.08,67.99,23181.354
1781283600000,2026-06-12 17:00:00,68.02,68.17,67.28,67.39,23278.749
1781287200000,2026-06-12 18:00:00,67.42,67.47,67.02,67.1,12517.229
1781290800000,2026-06-12 19:00:00,67.07,67.38,66.69,66.8,15567.947
1781294400000,2026-06-12 20:00:00,66.8,66.82,66.51,66.7,9006.822
1781298000000,2026-06-12 21:00:00,66.69,66.91,66.51,66.61,4846.122
1781301600000,2026-06-12 22:00:00,66.59,66.75,66.46,66.64,9077.291
1781305200000,2026-06-12 23:00:00,66.65,66.81,66.5,66.79,5897.535
1781308800000,2026-06-13 00:00:00,66.79,67.06,66.78,67.01,7115.002
1781312400000,2026-06-13 01:00:00,66.99,67.5,66.98,67.43,5876.034
1781316000000,2026-06-13 02:00:00,67.45,67.51,66.89,67.0,7876.586
1781319600000,2026-06-13 03:00:00,66.99,67.05,66.76,66.89,5731.678
1781323200000,2026-06-13 04:00:00,66.88,66.95,66.67,66.67,6768.592
1781326800000,2026-06-13 05:00:00,66.66,66.85,66.63,66.74,4536.61
1781330400000,2026-06-13 06:00:00,66.79,67.21,66.68,67.18,5639.389
1781334000000,2026-06-13 07:00:00,67.17,67.44,66.97,67.36,8118.972
1781337600000,2026-06-13 08:00:00,67.38,67.53,67.27,67.36,5893.675
1781341200000,2026-06-13 09:00:00,67.33,67.54,67.29,67.37,3884.714
1781344800000,2026-06-13 10:00:00,67.39,67.61,67.35,67.43,8012.919
1781348400000,2026-06-13 11:00:00,67.44,67.96,67.39,67.9,6383.282
1781352000000,2026-06-13 12:00:00,67.91,68.05,67.8,67.93,8235.055
1781355600000,2026-06-13 13:00:00,67.98,68.29,67.83,68.01,7839.006
1781359200000,2026-06-13 14:00:00,68.03,68.42,68.0,68.24,13754.608
1781362800000,2026-06-13 15:00:00,68.28,68.7,68.19,68.6,15959.574
1781366400000,2026-06-13 16:00:00,68.6,68.6,67.85,68.11,17881.395
1781370000000,2026-06-13 17:00:00,68.09,68.28,67.85,68.01,14943.245
1781373600000,2026-06-13 18:00:00,67.98,68.36,67.98,68.11,9146.051
1781377200000,2026-06-13 19:00:00,68.12,68.38,68.03,68.23,9083.826
1781380800000,2026-06-13 20:00:00,68.24,68.28,68.08,68.28,10435.704
1781384400000,2026-06-13 21:00:00,68.3,69.52,68.25,69.27,12228.402
1781388000000,2026-06-13 22:00:00,69.26,69.27,68.88,68.9,16566.916
1781391600000,2026-06-13 23:00:00,68.91,69.19,68.8,68.91,13128.753
1781395200000,2026-06-14 00:00:00,68.93,68.94,68.65,68.76,14649.668
1781398800000,2026-06-14 01:00:00,68.75,69.1,68.64,68.85,17433.594
1781402400000,2026-06-14 02:00:00,68.82,69.08,68.72,68.83,10128.854
1781406000000,2026-06-14 03:00:00,68.83,69.04,53.7,68.99,15783.383
1781409600000,2026-06-14 04:00:00,68.95,69.01,68.44,68.56,12349.607
1781413200000,2026-06-14 05:00:00,68.56,68.59,68.02,68.27,10947.108
1781416800000,2026-06-14 06:00:00,68.26,68.48,68.14,68.19,8053.131
1781420400000,2026-06-14 07:00:00,68.2,68.24,68.04,68.22,7263.465
1781424000000,2026-06-14 08:00:00,68.23,68.35,68.12,68.23,11097.957
1781427600000,2026-06-14 09:00:00,68.23,68.49,67.92,68.48,8291.771
1781431200000,2026-06-14 10:00:00,68.47,68.51,68.15,68.16,9511.498
1781434800000,2026-06-14 11:00:00,68.16,68.33,68.03,68.13,12199.406
1781438400000,2026-06-14 12:00:00,68.11,68.17,67.73,67.78,8964.735
1781442000000,2026-06-14 13:00:00,67.78,67.87,67.52,67.75,22416.514
1781445600000,2026-06-14 14:00:00,67.74,67.82,66.96,67.25,17292.512
1781449200000,2026-06-14 15:00:00,67.27,67.53,67.27,67.45,20954.575
1781452800000,2026-06-14 16:00:00,67.43,67.73,67.42,67.47,12798.36
1781456400000,2026-06-14 17:00:00,67.49,67.72,67.31,67.34,11538.599
1781460000000,2026-06-14 18:00:00,67.36,67.49,67.21,67.4,8580.109
1781463600000,2026-06-14 19:00:00,67.43,67.75,67.35,67.55,10499.082
1781467200000,2026-06-14 20:00:00,67.59,68.06,67.45,67.81,13523.433
1781470800000,2026-06-14 21:00:00,67.8,70.54,67.8,70.15,60189.733
1781474400000,2026-06-14 22:00:00,70.15,70.63,69.73,70.4,22993.396
1781478000000,2026-06-14 23:00:00,70.4,71.29,70.17,71.28,25755.038
1781481600000,2026-06-15 00:00:00,71.29,71.7,70.95,71.11,35021.665
1781485200000,2026-06-15 01:00:00,71.11,71.34,70.71,70.98,27173.185
1781488800000,2026-06-15 02:00:00,70.98,71.56,70.76,70.93,21340.428
1781492400000,2026-06-15 03:00:00,70.98,71.36,70.93,71.24,10883.722
1781496000000,2026-06-15 04:00:00,71.2,71.27,70.9,70.94,9728.626
1781499600000,2026-06-15 05:00:00,70.94,71.29,70.81,71.24,12969.819
1781503200000,2026-06-15 06:00:00,71.23,71.48,71.11,71.37,13105.855
1781506800000,2026-06-15 07:00:00,71.36,71.49,71.12,71.25,13392.684
1781510400000,2026-06-15 08:00:00,71.29,71.58,71.18,71.29,14330.427
1781514000000,2026-06-15 09:00:00,71.28,71.46,70.86,71.22,10360.372
1781517600000,2026-06-15 10:00:00,71.22,71.96,71.2,71.85,15111.438
1781521200000,2026-06-15 11:00:00,71.85,72.78,71.69,72.64,25229.374
1781524800000,2026-06-15 12:00:00,72.64,72.99,72.36,72.84,16449.99
1781528400000,2026-06-15 13:00:00,72.85,74.24,72.72,73.63,38837.003
1781532000000,2026-06-15 14:00:00,73.64,73.97,73.24,73.82,22923.531
1781535600000,2026-06-15 15:00:00,73.82,75.23,73.8,75.18,19970.338
1781539200000,2026-06-15 16:00:00,75.21,76.05,75.0,75.46,35604.855
1781542800000,2026-06-15 17:00:00,75.47,75.47,74.68,75.29,23552.869
1781546400000,2026-06-15 18:00:00,75.29,75.69,75.11,75.29,19542.329
1781550000000,2026-06-15 19:00:00,75.29,75.8,74.65,75.06,12481.384
1781553600000,2026-06-15 20:00:00,75.18,75.44,74.78,74.94,9211.86
1781557200000,2026-06-15 21:00:00,74.95,75.0,74.41,74.47,15834.838
1781560800000,2026-06-15 22:00:00,74.46,74.58,73.64,73.8,14364.553
1781564400000,2026-06-15 23:00:00,73.79,74.03,73.69,74.02,5358.966
1781568000000,2026-06-16 00:00:00,73.96,74.39,73.87,74.01,22216.651
1781571600000,2026-06-16 01:00:00,74.02,74.33,73.87,73.87,19062.637
1781575200000,2026-06-16 02:00:00,73.88,73.9,72.83,72.95,22804.163
1781578800000,2026-06-16 03:00:00,73.01,73.8,72.89,73.75,11953.381
1781582400000,2026-06-16 04:00:00,73.75,73.93,73.21,73.4,14580.164
1781586000000,2026-06-16 05:00:00,73.4,73.83,73.39,73.67,25679.253
1781589600000,2026-06-16 06:00:00,73.67,74.28,73.66,74.18,15400.046
1781593200000,2026-06-16 07:00:00,74.18,74.53,74.13,74.45,14235.373
1781596800000,2026-06-16 08:00:00,74.47,75.57,74.37,75.39,24905.487
1781600400000,2026-06-16 09:00:00,75.39,75.46,74.85,74.87,19408.797
1781604000000,2026-06-16 10:00:00,74.86,75.11,74.7,74.71,19894.746
1781607600000,2026-06-16 11:00:00,74.71,74.88,74.39,74.66,23277.53
1781611200000,2026-06-16 12:00:00,74.67,75.51,74.5,74.93,23364.54
1781614800000,2026-06-16 13:00:00,74.94,74.94,73.93,74.04,20325.155
1781618400000,2026-06-16 14:00:00,74.0,74.28,72.4,72.97,27394.307
1781622000000,2026-06-16 15:00:00,72.97,73.61,72.91,73.3,30525.689
1781625600000,2026-06-16 16:00:00,73.31,73.46,73.03,73.08,8581.634
1781629200000,2026-06-16 17:00:00,73.09,73.82,73.07,73.66,7918.484
1781632800000,2026-06-16 18:00:00,73.68,74.29,73.59,73.99,10299.173
1781636400000,2026-06-16 19:00:00,74.0,74.2,73.54,73.85,8842.34
1781640000000,2026-06-16 20:00:00,73.86,74.22,73.68,74.14,1980.454
1781643600000,2026-06-16 21:00:00,74.14,74.18,73.76,73.92,1138.817
1781647200000,2026-06-16 22:00:00,73.93,74.09,73.64,73.84,3911.568
1781650800000,2026-06-16 23:00:00,73.84,73.96,73.45,73.52,5563.948
1781654400000,2026-06-17 00:00:00,73.53,73.78,73.35,73.38,9489.833
1781658000000,2026-06-17 01:00:00,73.36,73.98,73.07,73.94,8861.213
1781661600000,2026-06-17 02:00:00,73.92,74.45,73.7,74.05,9539.063
1781665200000,2026-06-17 03:00:00,74.04,74.05,73.55,73.65,9064.87
1781668800000,2026-06-17 04:00:00,73.67,74.06,73.6,73.83,8407.31
1781672400000,2026-06-17 05:00:00,73.83,74.0,73.45,73.64,7539.82
1781676000000,2026-06-17 06:00:00,73.64,73.82,73.22,73.4,8450.485
1781679600000,2026-06-17 07:00:00,73.41,73.59,73.01,73.23,11607.978
1781683200000,2026-06-17 08:00:00,73.27,73.27,72.19,72.35,17160.771
1781686800000,2026-06-17 09:00:00,72.34,72.65,72.34,72.53,12547.679
1781690400000,2026-06-17 10:00:00,72.54,72.66,72.13,72.13,8931.027
1781694000000,2026-06-17 11:00:00,72.15,72.22,71.74,72.03,10207.73
1781697600000,2026-06-17 12:00:00,72.03,72.34,71.64,72.34,10639.271
1781701200000,2026-06-17 13:00:00,72.34,72.76,72.17,72.46,10559.79
1781704800000,2026-06-17 14:00:00,72.37,72.65,71.86,72.43,12755.448
1781708400000,2026-06-17 15:00:00,72.39,73.82,72.39,73.81,14315.992
1781712000000,2026-06-17 16:00:00,73.82,74.63,73.72,73.74,14211.112
1781715600000,2026-06-17 17:00:00,73.77,74.33,73.46,74.09,16074.231
1781719200000,2026-06-17 18:00:00,74.14,74.31,72.37,73.54,19290.808
1781722800000,2026-06-17 19:00:00,73.51,73.65,71.54,71.64,10881.524
1781726400000,2026-06-17 20:00:00,71.67,72.24,71.6,72.16,8163.505
1781730000000,2026-06-17 21:00:00,72.19,72.19,71.4,71.56,2973.197
1781733600000,2026-06-17 22:00:00,71.62,71.94,70.88,71.71,4638.173
1781737200000,2026-06-17 23:00:00,71.7,72.12,71.7,72.01,4266.956
1781740800000,2026-06-18 00:00:00,72.05,72.48,72.03,72.23,23073.32
1781744400000,2026-06-18 01:00:00,72.23,72.63,72.12,72.22,12174.301
1781748000000,2026-06-18 02:00:00,72.24,72.67,72.13,72.53,11611.037
1781751600000,2026-06-18 03:00:00,72.52,72.52,71.6,71.66,9141.205
1781755200000,2026-06-18 04:00:00,71.66,71.72,70.92,71.14,10624.263
1781758800000,2026-06-18 05:00:00,71.13,71.14,70.67,71.11,16991.489
1781762400000,2026-06-18 06:00:00,71.1,71.41,71.0,71.41,18163.365
1781766000000,2026-06-18 07:00:00,71.4,71.84,71.17,71.77,13832.183
1781769600000,2026-06-18 08:00:00,71.8,72.07,71.67,71.87,11916.879
1781773200000,2026-06-18 09:00:00,71.85,72.15,71.78,71.85,8661.031
1781776800000,2026-06-18 10:00:00,71.85,71.85,71.09,71.39,19486.304
1781780400000,2026-06-18 11:00:00,71.4,71.53,70.75,70.93,17250.031
1781784000000,2026-06-18 12:00:00,70.95,71.61,70.89,71.56,16077.723
1781787600000,2026-06-18 13:00:00,71.59,71.76,70.74,70.96,19624.793
1781791200000,2026-06-18 14:00:00,70.96,71.67,70.75,71.12,29889.829
1781794800000,2026-06-18 15:00:00,71.02,71.02,68.36,68.44,33133.054
1781798400000,2026-06-18 16:00:00,68.43,69.12,68.43,69.05,22530.475
1781802000000,2026-06-18 17:00:00,69.1,69.12,68.51,68.65,15907.997
1781805600000,2026-06-18 18:00:00,68.65,68.94,68.26,68.68,17940.259
1781809200000,2026-06-18 19:00:00,68.66,69.51,68.58,69.43,20987.958
1781812800000,2026-06-18 20:00:00,69.42,69.95,69.42,69.81,26628.727
1781816400000,2026-06-18 21:00:00,69.81,69.89,69.42,69.55,12438.988
1781820000000,2026-06-18 22:00:00,69.56,69.67,69.28,69.54,8498.988
1781823600000,2026-06-18 23:00:00,69.51,69.72,69.28,69.71,1535.267
1781827200000,2026-06-19 00:00:00,69.72,69.89,69.4,69.79,8395.247
1781830800000,2026-06-19 01:00:00,69.78,70.01,69.54,69.94,12350.73
1781834400000,2026-06-19 02:00:00,69.93,70.09,69.45,69.66,9360.88
1781838000000,2026-06-19 03:00:00,69.66,69.74,68.66,69.05,17321.002
1781841600000,2026-06-19 04:00:00,69.06,69.27,68.21,68.35,14683.448
1781845200000,2026-06-19 05:00:00,68.32,68.73,68.32,68.68,17251.21
1781848800000,2026-06-19 06:00:00,68.65,68.83,68.47,68.77,15298.913
1781852400000,2026-06-19 07:00:00,68.76,68.76,68.01,68.35,12158.053
1781856000000,2026-06-19 08:00:00,68.37,68.75,68.28,68.64,15105.358
1781859600000,2026-06-19 09:00:00,68.65,68.76,68.24,68.34,13341.336
1781863200000,2026-06-19 10:00:00,68.32,68.46,68.06,68.32,11920.798
1781866800000,2026-06-19 11:00:00,68.33,68.44,68.11,68.24,9677.535
1781870400000,2026-06-19 12:00:00,68.24,68.69,67.93,68.64,18877.583
1781874000000,2026-06-19 13:00:00,68.65,69.5,68.41,69.31,21518.494
1781877600000,2026-06-19 14:00:00,69.28,69.47,68.85,69.19,20613.893
1781881200000,2026-06-19 15:00:00,69.17,69.52,68.94,69.32,16218.242
1781884800000,2026-06-19 16:00:00,69.31,69.56,68.7,68.7,18508.852
1781888400000,2026-06-19 17:00:00,68.7,69.51,68.69,69.35,13680.551
1781892000000,2026-06-19 18:00:00,69.37,69.37,68.82,69.05,11941.751
1781895600000,2026-06-19 19:00:00,69.05,69.14,68.79,68.96,15368.78
1781899200000,2026-06-19 20:00:00,68.97,69.29,68.75,69.26,13459.949
1781902800000,2026-06-19 21:00:00,69.26,69.3,68.91,69.0,8396.188
1781906400000,2026-06-19 22:00:00,69.01,69.43,69.0,69.37,7760.451
1781910000000,2026-06-19 23:00:00,69.38,70.4,69.24,69.76,16269.494
1781913600000,2026-06-20 00:00:00,69.76,70.09,69.62,69.63,18527.028
1781917200000,2026-06-20 01:00:00,69.62,69.93,69.54,69.8,8635.932
1781920800000,2026-06-20 02:00:00,69.81,69.85,69.49,69.65,6810.042
1781924400000,2026-06-20 03:00:00,69.65,70.11,69.65,70.0,9000.045
1781928000000,2026-06-20 04:00:00,70.0,71.07,69.9,70.84,23203.986
1781931600000,2026-06-20 05:00:00,70.85,72.36,70.72,71.81,36386.932
1781935200000,2026-06-20 06:00:00,71.79,72.39,71.73,72.12,26887.433
1781938800000,2026-06-20 07:00:00,72.1,72.12,71.48,71.58,19220.452
1781942400000,2026-06-20 08:00:00,71.6,71.64,71.27,71.34,15686.704
1781946000000,2026-06-20 09:00:00,71.34,71.63,71.22,71.56,12753.3
1781949600000,2026-06-20 10:00:00,71.56,71.71,71.41,71.69,16053.796
1781953200000,2026-06-20 11:00:00,71.69,72.06,71.45,71.78,18332.497
1781956800000,2026-06-20 12:00:00,71.77,71.93,71.43,71.55,16143.475
1781960400000,2026-06-20 13:00:00,71.55,71.58,70.78,71.25,20097.966
1781964000000,2026-06-20 14:00:00,71.24,72.04,70.49,71.87,26953.967
1781967600000,2026-06-20 15:00:00,71.95,72.56,71.61,71.99,24329.683
1781971200000,2026-06-20 16:00:00,72.0,72.05,71.33,71.67,14967.377
1781974800000,2026-06-20 17:00:00,71.67,71.67,71.09,71.57,15512.483
1781978400000,2026-06-20 18:00:00,71.57,71.95,71.53,71.76,11364.211
1781982000000,2026-06-20 19:00:00,71.75,71.92,71.62,71.87,12612.184
1781985600000,2026-06-20 20:00:00,71.87,72.02,71.71,72.02,8865.522
1781989200000,2026-06-20 21:00:00,72.02,72.58,71.96,72.37,9205.423
1781992800000,2026-06-20 22:00:00,72.41,74.09,72.36,73.54,20820.47
1781996400000,2026-06-20 23:00:00,73.54,73.64,73.22,73.24,8311.189
1782000000000,2026-06-21 00:00:00,73.25,73.28,73.02,73.15,10723.874
1782003600000,2026-06-21 01:00:00,73.15,73.28,72.88,73.2,9533.5
1782007200000,2026-06-21 02:00:00,73.19,73.38,73.09,73.33,6053.808
1782010800000,2026-06-21 03:00:00,73.34,73.84,73.16,73.64,13165.922
1782014400000,2026-06-21 04:00:00,73.64,73.81,73.4,73.44,5981.063
1782018000000,2026-06-21 05:00:00,73.44,73.51,73.02,73.09,5287.995
1782021600000,2026-06-21 06:00:00,73.09,73.36,73.05,73.24,5449.511
1782025200000,2026-06-21 07:00:00,73.23,73.45,73.12,73.2,8204.243
1782028800000,2026-06-21 08:00:00,73.2,73.24,72.75,73.15,6962.29
1782032400000,2026-06-21 09:00:00,73.16,74.08,73.11,74.05,13660.451
1782036000000,2026-06-21 10:00:00,74.05,74.39,73.9,73.9,9926.595
1782039600000,2026-06-21 11:00:00,73.89,74.01,73.14,73.19,10604.441
1782043200000,2026-06-21 12:00:00,73.2,73.69,72.93,73.66,9404.999
1782046800000,2026-06-21 13:00:00,73.65,73.92,73.48,73.91,10571.412
1782050400000,2026-06-21 14:00:00,73.91,74.11,73.65,74.1,9732.177
1782054000000,2026-06-21 15:00:00,74.1,74.25,73.93,74.14,8796.977
1782057600000,2026-06-21 16:00:00,74.15,74.59,73.8,74.34,16004.713
1782061200000,2026-06-21 17:00:00,74.34,74.63,74.05,74.32,11451.807
1782064800000,2026-06-21 18:00:00,74.25,74.43,73.89,74.21,10978.391
1782068400000,2026-06-21 19:00:00,74.21,74.47,74.11,74.42,8449.257
1782072000000,2026-06-21 20:00:00,74.42,74.51,73.38,73.43,9740.789
1782075600000,2026-06-21 21:00:00,73.43,73.47,72.43,73.35,12791.459
1782079200000,2026-06-21 22:00:00,73.33,73.49,72.64,73.08,14190.332
1782082800000,2026-06-21 23:00:00,73.05,73.09,72.36,72.51,13080.605
1782086400000,2026-06-22 00:00:00,72.47,73.53,72.46,73.4,12684.354
1782090000000,2026-06-22 01:00:00,73.37,74.91,73.27,74.47,17700.578
1782093600000,2026-06-22 02:00:00,74.37,74.37,73.79,73.83,18822.655
1782097200000,2026-06-22 03:00:00,73.84,74.04,73.3,73.52,16069.147
1782100800000,2026-06-22 04:00:00,73.53,73.91,73.38,73.87,9720.351
1782104400000,2026-06-22 05:00:00,73.87,74.14,73.81,73.93,8808.98
1782108000000,2026-06-22 06:00:00,73.96,74.17,73.56,73.76,9616.121
1782111600000,2026-06-22 07:00:00,73.72,74.44,73.68,74.11,9448.491
1782115200000,2026-06-22 08:00:00,74.11,74.3,73.72,73.91,11132.413
1782118800000,2026-06-22 09:00:00,73.9,74.02,73.58,73.78,9964.143
1782122400000,2026-06-22 10:00:00,73.79,74.01,73.61,73.8,8882.295
1782126000000,2026-06-22 11:00:00,73.77,74.4,73.66,74.19,11938.093
1782129600000,2026-06-22 12:00:00,74.18,74.54,74.05,74.38,12900.614
1782133200000,2026-06-22 13:00:00,74.41,74.98,74.24,74.96,13856.424
1782136800000,2026-06-22 14:00:00,74.97,74.98,73.26,73.43,16928.15
1782140400000,2026-06-22 15:00:00,73.42,73.76,73.02,73.12,19657.447
1782144000000,2026-06-22 16:00:00,73.11,73.16,72.6,72.96,11675.18
1782147600000,2026-06-22 17:00:00,72.97,73.34,72.69,73.29,12464.626
1782151200000,2026-06-22 18:00:00,73.28,73.57,72.59,72.62,21077.745
1782154800000,2026-06-22 19:00:00,72.65,72.81,72.46,72.74,6038.664
1782158400000,2026-06-22 20:00:00,72.71,72.96,72.51,72.81,7687.1
1782162000000,2026-06-22 21:00:00,72.82,72.88,71.76,72.7,11924.479
1782165600000,2026-06-22 22:00:00,72.73,72.93,71.54,72.11,3937.52
1782169200000,2026-06-22 23:00:00,72.11,72.16,71.84,72.0,3548.904
1782172800000,2026-06-23 00:00:00,71.96,71.97,71.47,71.89,7757.412
1782176400000,2026-06-23 01:00:00,71.88,72.03,71.33,71.71,7090.633
1782180000000,2026-06-23 02:00:00,71.73,72.06,71.56,72.03,12066.464
1782183600000,2026-06-23 03:00:00,72.01,72.01,71.72,71.99,6280.476
1782187200000,2026-06-23 04:00:00,72.0,72.02,71.4,71.48,6827.107
1782190800000,2026-06-23 05:00:00,71.48,71.6,70.92,71.02,12035.81
1782194400000,2026-06-23 06:00:00,71.0,71.05,69.73,70.33,19401.98
1782198000000,2026-06-23 07:00:00,70.32,70.56,69.97,69.97,8167.315
1782201600000,2026-06-23 08:00:00,70.0,70.09,68.25,68.67,15143.431
1782205200000,2026-06-23 09:00:00,68.67,69.05,68.67,68.9,13117.615
1782208800000,2026-06-23 10:00:00,68.94,69.19,68.65,68.83,7894.716
1782212400000,2026-06-23 11:00:00,68.83,69.35,68.82,69.31,11895.824
1782216000000,2026-06-23 12:00:00,69.33,69.37,68.89,68.97,13081.887
1782219600000,2026-06-23 13:00:00,68.98,69.3,68.66,69.18,15504.688
1782223200000,2026-06-23 14:00:00,69.19,69.66,69.11,69.2,16905.345
1782226800000,2026-06-23 15:00:00,69.2,69.21,68.42,68.92,17966.209
1782230400000,2026-06-23 16:00:00,68.92,75.09,68.82,68.93,11415.693
1782234000000,2026-06-23 17:00:00,68.92,69.18,68.65,68.78,12535.503
1782237600000,2026-06-23 18:00:00,68.78,69.01,68.71,68.89,10075.708
1782241200000,2026-06-23 19:00:00,68.89,69.1,68.74,68.93,11118.356
1782244800000,2026-06-23 20:00:00,68.87,69.09,68.65,69.01,8416.867
1782248400000,2026-06-23 21:00:00,69.01,69.32,68.99,69.27,10136.661
1782252000000,2026-06-23 22:00:00,69.27,69.83,69.26,69.56,9093.577
1782255600000,2026-06-23 23:00:00,69.56,69.76,69.32,69.71,6496.688
1782259200000,2026-06-24 00:00:00,69.69,70.14,69.6,69.98,17951.469
1782262800000,2026-06-24 01:00:00,70.0,70.41,69.68,70.08,16507.033
1782266400000,2026-06-24 02:00:00,70.09,70.14,69.45,69.46,12165.517
1782270000000,2026-06-24 03:00:00,69.51,69.76,69.12,69.6,8371.482
1782273600000,2026-06-24 04:00:00,69.59,69.69,69.0,69.6,11754.187
1782277200000,2026-06-24 05:00:00,69.61,70.21,69.53,69.94,12584.133
1782280800000,2026-06-24 06:00:00,69.94,70.04,69.72,69.76,10684.467
1782284400000,2026-06-24 07:00:00,69.75,69.77,69.29,69.37,12935.744
1782288000000,2026-06-24 08:00:00,69.37,69.63,69.25,69.49,9561.772
1782291600000,2026-06-24 09:00:00,69.5,69.55,69.23,69.31,5989.165
1782295200000,2026-06-24 10:00:00,69.31,69.33,68.98,69.03,7930.857
1782298800000,2026-06-24 11:00:00,69.02,70.37,68.79,69.79,12409.2
1782302400000,2026-06-24 12:00:00,69.81,69.91,69.44,69.44,13358.702
1782306000000,2026-06-24 13:00:00,69.45,69.48,68.42,68.89,17772.436
1782309600000,2026-06-24 14:00:00,68.88,69.4,68.65,68.86,18480.506
1782313200000,2026-06-24 15:00:00,68.87,68.87,67.26,67.34,18281.14
1782316800000,2026-06-24 16:00:00,67.33,68.01,66.34,66.56,28280.007
1782320400000,2026-06-24 17:00:00,66.56,66.88,64.77,64.96,17362.182
1782324000000,2026-06-24 18:00:00,64.97,66.49,64.84,66.0,16733.503
1782327600000,2026-06-24 19:00:00,66.01,66.35,65.57,66.19,10992.663
1782331200000,2026-06-24 20:00:00,66.19,68.0,65.95,67.67,8139.996
1782334800000,2026-06-24 21:00:00,67.7,68.1,67.25,68.1,8846.607
1782338400000,2026-06-24 22:00:00,68.11,68.46,67.73,67.83,5103.622
1782342000000,2026-06-24 23:00:00,67.84,68.18,67.77,68.08,9825.476
1782345600000,2026-06-25 00:00:00,68.09,68.28,67.6,67.65,15683.217
1782349200000,2026-06-25 01:00:00,67.67,67.99,67.42,67.87,11874.696
1782352800000,2026-06-25 02:00:00,67.9,67.94,67.64,67.76,8360.4
1782356400000,2026-06-25 03:00:00,67.75,67.86,67.52,67.73,8505.357
1782360000000,2026-06-25 04:00:00,67.7,68.49,67.5,68.47,9156.825
1782363600000,2026-06-25 05:00:00,68.46,69.29,68.36,69.04,13484.799
1782367200000,2026-06-25 06:00:00,69.03,69.59,69.03,69.46,11494.804
1782370800000,2026-06-25 07:00:00,69.51,69.55,69.27,69.44,7986.662
1782374400000,2026-06-25 08:00:00,69.44,69.45,69.0,69.03,6342.157
1782378000000,2026-06-25 09:00:00,69.03,69.18,68.81,68.83,7795.348
1782381600000,2026-06-25 10:00:00,68.83,68.88,68.18,68.28,10806.099
1782385200000,2026-06-25 11:00:00,68.29,68.41,68.01,68.17,6182.931
1782388800000,2026-06-25 12:00:00,68.18,69.02,67.82,68.27,11673.809
1782392400000,2026-06-25 13:00:00,68.3,68.42,64.11,64.12,16535.951
1782396000000,2026-06-25 14:00:00,64.12,67.12,64.12,66.47,23030.033
1782399600000,2026-06-25 15:00:00,66.37,66.37,65.3,66.31,15483.215
1782403200000,2026-06-25 16:00:00,66.31,67.04,65.66,65.98,11221.257
1782406800000,2026-06-25 17:00:00,65.99,67.34,65.83,67.11,17831.311
1782410400000,2026-06-25 18:00:00,67.12,67.12,65.92,66.15,16955.159
1782414000000,2026-06-25 19:00:00,66.17,66.22,65.76,66.18,16817.951
1782417600000,2026-06-25 20:00:00,66.16,66.8,66.09,66.28,5781.702
1782421200000,2026-06-25 21:00:00,66.27,67.29,66.27,67.25,9147.154
1782424800000,2026-06-25 22:00:00,67.29,67.3,66.96,67.18,4461.669
1782428400000,2026-06-25 23:00:00,67.16,68.73,67.03,67.68,2534.267
1782432000000,2026-06-26 00:00:00,67.69,68.09,67.65,67.79,13236.581
1782435600000,2026-06-26 01:00:00,67.76,67.87,67.14,67.28,12287.769
1782439200000,2026-06-26 02:00:00,67.32,67.32,65.93,66.19,11799.925
1782442800000,2026-06-26 03:00:00,66.21,68.46,65.98,68.16,12786.093
1782446400000,2026-06-26 04:00:00,68.22,68.35,67.99,68.05,10528.577
1782450000000,2026-06-26 05:00:00,68.07,68.47,68.0,68.38,8326.234
1782453600000,2026-06-26 06:00:00,68.37,69.86,68.02,69.77,17082.878
1782457200000,2026-06-26 07:00:00,69.8,70.99,69.8,70.81,18376.418
1782460800000,2026-06-26 08:00:00,70.78,70.85,69.73,69.91,18428.68
1782464400000,2026-06-26 09:00:00,69.94,69.95,68.85,69.03,15675.424
1782468000000,2026-06-26 10:00:00,69.01,69.23,68.69,68.75,11246.382
1782471600000,2026-06-26 11:00:00,68.78,69.06,68.42,68.59,13243.921
1782475200000,2026-06-26 12:00:00,68.61,69.67,68.43,68.93,31735.531
1782478800000,2026-06-26 13:00:00,68.92,70.86,68.35,70.62,45805.911
1782482400000,2026-06-26 14:00:00,70.62,71.91,70.25,70.52,48796.135
1782486000000,2026-06-26 15:00:00,70.52,72.21,70.34,72.06,35965.822
1782489600000,2026-06-26 16:00:00,72.07,73.23,72.07,72.52,40048.313
1782493200000,2026-06-26 17:00:00,72.5,72.87,72.26,72.61,25825.416
1782496800000,2026-06-26 18:00:00,72.57,73.07,72.4,72.58,28389.403
1782500400000,2026-06-26 19:00:00,72.61,73.89,72.49,73.38,29866.822
1782504000000,2026-06-26 20:00:00,73.39,73.6,72.13,72.13,29277.235
1782507600000,2026-06-26 21:00:00,72.16,72.37,71.82,72.01,16746.5
1782511200000,2026-06-26 22:00:00,72.01,72.09,71.54,71.82,11149.171
1782514800000,2026-06-26 23:00:00,71.81,72.02,71.69,71.91,8773.949
1782518400000,2026-06-27 00:00:00,71.91,72.45,71.64,71.83,15498.833
1782522000000,2026-06-27 01:00:00,71.83,71.83,71.37,71.44,9695.437
1782525600000,2026-06-27 02:00:00,71.44,72.25,71.41,72.16,11744.194
1782529200000,2026-06-27 03:00:00,72.16,72.4,71.85,72.27,13899.786
1782532800000,2026-06-27 04:00:00,72.26,72.58,71.91,71.93,8488.153
1782536400000,2026-06-27 05:00:00,71.93,72.03,71.52,71.83,7106.168
1782540000000,2026-06-27 06:00:00,71.83,72.31,71.65,72.12,9103.506
1782543600000,2026-06-27 07:00:00,72.13,72.34,72.01,72.3,6762.636
1782547200000,2026-06-27 08:00:00,72.31,72.31,71.89,72.05,7461.679
1782550800000,2026-06-27 09:00:00,72.04,72.1,71.73,71.87,4399.127
1782554400000,2026-06-27 10:00:00,71.87,72.05,71.83,72.03,3948.279
1782558000000,2026-06-27 11:00:00,72.04,72.08,71.55,71.8,10262.669
1782561600000,2026-06-27 12:00:00,71.79,72.18,71.64,72.18,5392.342
1782565200000,2026-06-27 13:00:00,72.17,72.58,72.13,72.36,8388.531
1782568800000,2026-06-27 14:00:00,72.37,72.9,72.23,72.71,10464.936
1782572400000,2026-06-27 15:00:00,72.73,73.17,72.63,72.82,10455.967
1782576000000,2026-06-27 16:00:00,72.83,72.99,72.64,72.67,10289.909
1782579600000,2026-06-27 17:00:00,72.67,72.67,71.91,72.23,17860.246
1782583200000,2026-06-27 18:00:00,72.23,72.47,59.2,71.91,17950.331
1782586800000,2026-06-27 19:00:00,71.91,72.01,70.99,71.12,10845.108
1782590400000,2026-06-27 20:00:00,71.11,71.35,71.1,71.27,4778.512
1782594000000,2026-06-27 21:00:00,71.28,71.63,70.81,70.99,13979.519
1782597600000,2026-06-27 22:00:00,70.98,71.09,70.3,71.09,14728.486
1782601200000,2026-06-27 23:00:00,71.09,71.14,70.44,70.49,11582.84
1782604800000,2026-06-28 00:00:00,70.5,70.82,70.47,70.76,8012.345
1782608400000,2026-06-28 01:00:00,70.75,70.93,70.46,70.82,6022.932
1782612000000,2026-06-28 02:00:00,70.84,71.01,70.49,70.74,5396.578
1782615600000,2026-06-28 03:00:00,70.74,70.97,70.73,70.88,5221.323
1782619200000,2026-06-28 04:00:00,70.86,70.99,70.57,70.76,7384.169
1782622800000,2026-06-28 05:00:00,70.77,70.77,70.14,70.52,10378.502
1782626400000,2026-06-28 06:00:00,70.52,70.56,70.2,70.47,14844.504
1782630000000,2026-06-28 07:00:00,70.48,71.08,70.44,71.05,8722.569
1782633600000,2026-06-28 08:00:00,71.05,72.18,71.04,71.93,16654.832
1782637200000,2026-06-28 09:00:00,71.93,72.01,71.51,71.54,12499.26
1782640800000,2026-06-28 10:00:00,71.54,71.59,71.15,71.47,8015.33
1782644400000,2026-06-28 11:00:00,71.48,72.01,71.44,71.9,20426.827
1782648000000,2026-06-28 12:00:00,71.92,72.3,71.68,71.89,10964.423
1782651600000,2026-06-28 13:00:00,71.89,72.07,71.37,71.73,26447.426
1782655200000,2026-06-28 14:00:00,71.75,72.2,71.69,71.69,9550.685
1782658800000,2026-06-28 15:00:00,71.69,72.05,71.46,72.02,20919.781
1782662400000,2026-06-28 16:00:00,72.02,72.08,71.19,71.57,12951.163
1782666000000,2026-06-28 17:00:00,71.57,72.0,70.97,71.56,14316.323
1782669600000,2026-06-28 18:00:00,71.55,71.69,71.0,71.17,8406.055
1782673200000,2026-06-28 19:00:00,71.18,71.29,70.3,70.74,13059.951
1782676800000,2026-06-28 20:00:00,70.72,71.21,70.67,70.94,13466.372
1782680400000,2026-06-28 21:00:00,70.91,71.01,70.29,70.44,10792.788
1782684000000,2026-06-28 22:00:00,70.45,71.44,69.81,70.25,27479.637
1782687600000,2026-06-28 23:00:00,70.25,71.74,70.16,71.38,19637.864
1782691200000,2026-06-29 00:00:00,71.39,71.68,70.38,71.67,27155.074
1782694800000,2026-06-29 01:00:00,71.69,71.69,71.0,71.49,22889.962
1782698400000,2026-06-29 02:00:00,71.49,72.2,70.58,72.17,23158.027
1782702000000,2026-06-29 03:00:00,72.18,73.32,72.18,72.66,23392.454
1782705600000,2026-06-29 04:00:00,72.69,72.69,71.64,71.67,11370.174
1782709200000,2026-06-29 05:00:00,71.67,72.3,71.05,72.29,16274.449
1782712800000,2026-06-29 06:00:00,72.3,73.08,72.23,72.39,16791.925
1782716400000,2026-06-29 07:00:00,72.39,72.92,72.11,72.73,17237.753
1782720000000,2026-06-29 08:00:00,72.73,73.0,72.4,72.74,21126.7
1782723600000,2026-06-29 09:00:00,72.73,73.1,72.62,72.9,13248.014
1782727200000,2026-06-29 10:00:00,72.93,73.66,72.93,73.26,13990.036
1782730800000,2026-06-29 11:00:00,73.25,73.27,72.25,72.5,13968.606
1782734400000,2026-06-29 12:00:00,72.5,74.47,72.19,73.51,30516.928
1782738000000,2026-06-29 13:00:00,73.52,74.33,72.82,73.67,41134.065
1782741600000,2026-06-29 14:00:00,73.71,73.89,72.35,73.72,39594.409
1782745200000,2026-06-29 15:00:00,73.7,74.34,72.79,73.91,37176.134
1782748800000,2026-06-29 16:00:00,73.92,74.14,72.89,74.03,29719.767
1782752400000,2026-06-29 17:00:00,74.02,76.34,74.02,75.3,31249.188
1782756000000,2026-06-29 18:00:00,75.31,75.74,75.17,75.56,14482.434
1782759600000,2026-06-29 19:00:00,75.59,76.22,75.42,75.98,19525.097
1782763200000,2026-06-29 20:00:00,75.98,75.98,75.27,75.38,16664.223
1782766800000,2026-06-29 21:00:00,75.38,75.77,75.25,75.49,10827.217
1782770400000,2026-06-29 22:00:00,75.52,75.65,75.1,75.28,9340.119
1782774000000,2026-06-29 23:00:00,75.27,75.43,74.9,75.16,10573.613
1782777600000,2026-06-30 00:00:00,75.16,75.2,74.21,74.41,15442.687
1782781200000,2026-06-30 01:00:00,74.41,74.66,74.06,74.41,13526.011
1782784800000,2026-06-30 02:00:00,74.41,74.8,74.06,74.59,4490.323
1782788400000,2026-06-30 03:00:00,74.59,74.88,74.14,74.19,9744.304
1782792000000,2026-06-30 04:00:00,74.18,74.23,73.71,74.04,9696.479
1782795600000,2026-06-30 05:00:00,74.02,74.28,73.58,74.23,18856.548
1782799200000,2026-06-30 06:00:00,74.22,74.25,73.92,74.16,5079.627
1782802800000,2026-06-30 07:00:00,74.17,74.24,73.86,74.19,5201.938
1782806400000,2026-06-30 08:00:00,74.17,74.21,73.33,73.64,10982.894
1782810000000,2026-06-30 09:00:00,73.64,73.88,73.56,73.81,7354.612
1782813600000,2026-06-30 10:00:00,73.81,73.89,73.53,73.71,7357.279
1782817200000,2026-06-30 11:00:00,73.7,73.76,73.35,73.4,9323.863
1782820800000,2026-06-30 12:00:00,73.41,73.41,72.13,72.14,15915.006
1782824400000,2026-06-30 13:00:00,72.11,72.92,71.97,72.89,26014.349
1782828000000,2026-06-30 14:00:00,72.89,73.9,72.76,72.97,30622.34
1782831600000,2026-06-30 15:00:00,72.96,74.09,72.62,73.13,23371.691
1782835200000,2026-06-30 16:00:00,73.15,73.71,72.75,73.52,21458.087
1782838800000,2026-06-30 17:00:00,73.53,73.91,73.16,73.18,14665.563
1782842400000,2026-06-30 18:00:00,73.19,73.72,73.0,73.61,12861.453
1782846000000,2026-06-30 19:00:00,73.58,73.93,73.36,73.7,10024.668
1782849600000,2026-06-30 20:00:00,73.72,73.92,73.58,73.74,11487.054
1782853200000,2026-06-30 21:00:00,73.69,73.76,73.24,73.48,10427.83
1782856800000,2026-06-30 22:00:00,73.48,73.69,73.3,73.44,6981.14
1782860400000,2026-06-30 23:00:00,73.39,73.71,73.34,73.69,7429.357
1782864000000,2026-07-01 00:00:00,73.67,73.82,73.39,73.62,9585.153
1782867600000,2026-07-01 01:00:00,73.64,74.33,72.3,73.99,22995.251
1782871200000,2026-07-01 02:00:00,73.96,75.01,73.81,74.8,16937.764
1782874800000,2026-07-01 03:00:00,74.82,75.63,74.36,75.47,14701.025
1782878400000,2026-07-01 04:00:00,75.47,75.79,75.25,75.64,14816.241
1782882000000,2026-07-01 05:00:00,75.64,75.64,73.68,75.25,10109.406
1782885600000,2026-07-01 06:00:00,75.26,75.27,73.96,74.27,12757.078
1782889200000,2026-07-01 07:00:00,74.27,74.93,74.11,74.85,11746.663
1782892800000,2026-07-01 08:00:00,74.87,75.49,74.51,75.46,11171.234
1782896400000,2026-07-01 09:00:00,75.44,75.54,75.08,75.49,11333.732
1782900000000,2026-07-01 10:00:00,75.49,75.54,74.98,74.98,7857.411
1782903600000,2026-07-01 11:00:00,75.01,75.3,74.64,74.84,11465.517
1782907200000,2026-07-01 12:00:00,74.89,74.94,74.29,74.63,13514.637
1782910800000,2026-07-01 13:00:00,74.62,76.09,74.62,75.99,25784.49
1782914400000,2026-07-01 14:00:00,76.01,77.17,75.67,76.95,29120.18
1782918000000,2026-07-01 15:00:00,76.95,77.69,76.87,77.46,20635.791
1782921600000,2026-07-01 16:00:00,77.45,78.08,76.93,77.12,16564.647
1782925200000,2026-07-01 17:00:00,77.13,77.9,76.87,77.77,13814.48
1782928800000,2026-07-01 18:00:00,77.7,77.89,77.34,77.43,12890.467
1782932400000,2026-07-01 19:00:00,77.42,77.67,76.83,76.95,11901.717
1782936000000,2026-07-01 20:00:00,76.96,77.47,76.61,77.42,10438.719
1782939600000,2026-07-01 21:00:00,77.41,78.68,77.41,78.46,15338.01
1782943200000,2026-07-01 22:00:00,78.39,78.9,77.77,77.9,11334.344
1782946800000,2026-07-01 23:00:00,77.89,77.89,77.27,77.43,10261.798
1782950400000,2026-07-02 00:00:00,77.46,77.46,76.9,77.22,10267.873
1782954000000,2026-07-02 01:00:00,77.21,78.67,77.2,78.19,12540.707
1782957600000,2026-07-02 02:00:00,78.18,78.59,77.83,78.43,11396.525
1782961200000,2026-07-02 03:00:00,78.45,78.94,77.95,78.73,11685.926
1782964800000,2026-07-02 04:00:00,78.74,78.77,78.09,78.28,28374.182
1782968400000,2026-07-02 05:00:00,78.26,78.34,77.8,78.1,7146.022
1782972000000,2026-07-02 06:00:00,78.11,78.62,77.79,77.91,9632.392
1782975600000,2026-07-02 07:00:00,77.91,78.18,77.62,77.97,7505.837
1782979200000,2026-07-02 08:00:00,78.03,78.5,77.94,78.47,8645.336
1782982800000,2026-07-02 09:00:00,78.47,79.75,78.3,79.51,17630.412
1782986400000,2026-07-02 10:00:00,79.5,82.03,79.45,82.02,26935.222
1782990000000,2026-07-02 11:00:00,82.02,82.76,81.52,82.45,23006.013
1782993600000,2026-07-02 12:00:00,82.44,82.44,81.12,81.39,22064.295
1782997200000,2026-07-02 13:00:00,81.39,81.97,80.82,81.5,21309.268
1783000800000,2026-07-02 14:00:00,81.47,81.5,80.18,80.53,19945.727
1783004400000,2026-07-02 15:00:00,80.54,80.91,80.11,80.86,13933.159
1783008000000,2026-07-02 16:00:00,80.86,81.1,80.17,80.54,12403.669
1783011600000,2026-07-02 17:00:00,80.56,81.2,80.53,80.63,14196.918
1783015200000,2026-07-02 18:00:00,80.64,81.24,80.64,81.03,13507.201
1783018800000,2026-07-02 19:00:00,81.02,81.28,80.82,80.85,9871.708
1783022400000,2026-07-02 20:00:00,80.85,81.07,80.61,81.03,7627.438
1783026000000,2026-07-02 21:00:00,81.02,81.12,80.52,80.8,7010.316
1783029600000,2026-07-02 22:00:00,80.8,80.87,80.46,80.7,6118.058
1783033200000,2026-07-02 23:00:00,80.69,80.78,80.51,80.67,5906.454
1783036800000,2026-07-03 00:00:00,80.71,80.91,80.53,80.79,11631.019
1783040400000,2026-07-03 01:00:00,80.79,81.69,80.72,81.48,11099.972
1783044000000,2026-07-03 02:00:00,81.47,81.67,80.69,80.82,8199.853
1783047600000,2026-07-03 03:00:00,80.77,80.97,80.36,80.68,28903.863
1783051200000,2026-07-03 04:00:00,80.68,80.8,62.95,80.53,10530.757
1783054800000,2026-07-03 05:00:00,80.51,81.24,80.5,81.17,8170.576
1783058400000,2026-07-03 06:00:00,81.15,81.37,80.76,80.97,7756.158
1783062000000,2026-07-03 07:00:00,80.97,81.48,80.85,81.22,13320.282
1783065600000,2026-07-03 08:00:00,81.23,81.48,80.84,80.92,8621.925
1783069200000,2026-07-03 09:00:00,80.9,81.2,80.68,81.05,6092.981
1783072800000,2026-07-03 10:00:00,81.04,81.85,80.91,81.54,11053.775
1783076400000,2026-07-03 11:00:00,81.54,81.7,81.27,81.58,7109.705
1783080000000,2026-07-03 12:00:00,81.58,81.73,81.22,81.52,6745.089
1783083600000,2026-07-03 13:00:00,81.54,81.84,81.45,81.61,5091.341
1783087200000,2026-07-03 14:00:00,81.6,81.76,80.98,81.68,7700.997
1783090800000,2026-07-03 15:00:00,81.68,82.0,81.15,81.22,9192.48
1783094400000,2026-07-03 16:00:00,81.22,81.57,81.09,81.54,5009.475
1783098000000,2026-07-03 17:00:00,81.54,81.96,81.49,81.76,7289.038
1783101600000,2026-07-03 18:00:00,81.76,82.26,81.63,82.13,4348.111
1783105200000,2026-07-03 19:00:00,82.11,83.12,82.09,82.49,11325.042
1783108800000,2026-07-03 20:00:00,82.49,82.98,82.25,82.72,12225.149
1783112400000,2026-07-03 21:00:00,82.72,82.92,82.22,82.67,7368.295
1783116000000,2026-07-03 22:00:00,82.64,82.68,82.26,82.36,4056.693
1783119600000,2026-07-03 23:00:00,82.35,82.48,82.18,82.37,3129.594
1783123200000,2026-07-04 00:00:00,82.38,82.73,82.28,82.44,5709.707
1783126800000,2026-07-04 01:00:00,82.4,82.41,81.82,81.97,17048.9
1783130400000,2026-07-04 02:00:00,81.95,82.39,81.91,82.19,3773.62
1783134000000,2026-07-04 03:00:00,82.18,84.16,81.79,82.74,5118.087
1783137600000,2026-07-04 04:00:00,82.74,83.94,82.67,83.47,12414.966
1783141200000,2026-07-04 05:00:00,83.48,83.48,82.94,83.36,8262.863
1783144800000,2026-07-04 06:00:00,83.38,83.59,82.5,82.56,8794.207
1783148400000,2026-07-04 07:00:00,82.54,82.81,82.27,82.72,6458.84
1783152000000,2026-07-04 08:00:00,82.71,82.77,82.27,82.31,5538.787
1783155600000,2026-07-04 09:00:00,82.31,82.32,81.64,81.74,6103.906
1783159200000,2026-07-04 10:00:00,81.74,81.93,81.47,81.65,8391.551
1783162800000,2026-07-04 11:00:00,81.65,81.92,81.56,81.83,13454.744
1783166400000,2026-07-04 12:00:00,81.82,81.99,81.38,81.6,5831.003
1783170000000,2026-07-04 13:00:00,81.59,81.82,81.4,81.68,7544.97
1783173600000,2026-07-04 14:00:00,81.65,81.85,81.57,81.83,8306.214
1783177200000,2026-07-04 15:00:00,81.81,82.41,81.73,82.23,14152.047
1783180800000,2026-07-04 16:00:00,82.24,82.37,82.0,82.22,11060.951
1783184400000,2026-07-04 17:00:00,82.17,82.81,81.9,82.54,14762.129
1783188000000,2026-07-04 18:00:00,82.53,82.59,82.13,82.26,8731.358
1783191600000,2026-07-04 19:00:00,82.26,82.33,81.71,81.91,10862.034
1783195200000,2026-07-04 20:00:00,81.89,82.13,81.6,81.99,10715.66
1783198800000,2026-07-04 21:00:00,81.99,82.23,81.86,81.99,6370.468
1783202400000,2026-07-04 22:00:00,81.99,82.0,81.8,81.92,3197.704
1783206000000,2026-07-04 23:00:00,81.94,81.94,81.45,81.8,7539.822
1783209600000,2026-07-05 00:00:00,81.8,81.82,81.14,81.29,6930.169
1783213200000,2026-07-05 01:00:00,81.31,81.45,80.6,80.82,11569.314
1783216800000,2026-07-05 02:00:00,80.84,80.89,67.33,80.36,26431.73
1783220400000,2026-07-05 03:00:00,80.37,80.59,80.35,80.55,4943.652
1783224000000,2026-07-05 04:00:00,80.56,80.87,80.41,80.58,4876.557
1783227600000,2026-07-05 05:00:00,80.57,80.58,80.26,80.45,3797.501
1783231200000,2026-07-05 06:00:00,80.46,80.64,80.34,80.62,8729.754
1783234800000,2026-07-05 07:00:00,80.62,80.76,80.38,80.76,5921.402
1783238400000,2026-07-05 08:00:00,80.75,80.87,80.46,80.52,6401.378
1783242000000,2026-07-05 09:00:00,80.52,80.55,79.73,79.91,15588.904
1783245600000,2026-07-05 10:00:00,79.91,80.44,79.76,80.43,6611.438
1783249200000,2026-07-05 11:00:00,80.43,80.66,80.38,80.6,14750.836
1783252800000,2026-07-05 12:00:00,80.61,81.28,80.38,80.78,11253.11
1783256400000,2026-07-05 13:00:00,80.77,81.24,80.71,81.24,14195.553
1783260000000,2026-07-05 14:00:00,81.25,81.53,81.04,81.45,17132.056
1783263600000,2026-07-05 15:00:00,81.45,81.65,81.14,81.34,8495.804
1783267200000,2026-07-05 16:00:00,81.35,81.51,80.91,81.11,11687.157
1783270800000,2026-07-05 17:00:00,81.1,81.37,81.03,81.15,6832.345
1783274400000,2026-07-05 18:00:00,81.14,81.26,81.0,81.0,9067.693
1783278000000,2026-07-05 19:00:00,81.01,81.13,80.82,81.05,7829.54
1783281600000,2026-07-05 20:00:00,81.04,81.17,80.96,81.07,7944.478
1783285200000,2026-07-05 21:00:00,81.06,82.03,80.81,81.83,18301.336
1783288800000,2026-07-05 22:00:00,81.83,82.41,81.66,81.84,20187.498
1783292400000,2026-07-05 23:00:00,81.83,82.07,81.45,81.58,11408.672
1783296000000,2026-07-06 00:00:00,81.58,82.23,81.13,82.22,16156.643
1783299600000,2026-07-06 01:00:00,82.22,82.25,81.66,81.67,15246.844
1783303200000,2026-07-06 02:00:00,81.67,81.68,80.89,81.01,23590.104
1783306800000,2026-07-06 03:00:00,81.05,81.05,80.48,80.76,12886.625
1783310400000,2026-07-06 04:00:00,80.79,80.99,80.71,80.81,9013.921
1783314000000,2026-07-06 05:00:00,80.82,80.82,80.21,80.44,9567.73
1783317600000,2026-07-06 06:00:00,80.43,80.53,80.26,80.4,13670.375
1783321200000,2026-07-06 07:00:00,80.38,80.98,80.28,80.82,16248.341
1783324800000,2026-07-06 08:00:00,80.83,81.08,80.31,80.48,9657.796
1783328400000,2026-07-06 09:00:00,80.5,80.5,80.06,80.08,11919.781
1783332000000,2026-07-06 10:00:00,80.07,80.68,80.06,80.65,13323.962
1783335600000,2026-07-06 11:00:00,80.67,80.98,80.44,80.45,14326.856
1783339200000,2026-07-06 12:00:00,80.44,80.62,79.43,79.52,50955.998
1783342800000,2026-07-06 13:00:00,79.51,80.87,79.25,80.19,28818.51
1783346400000,2026-07-06 14:00:00,80.18,80.69,79.86,80.28,18127.871
1783350000000,2026-07-06 15:00:00,80.28,81.51,80.28,81.47,18603.594
1783353600000,2026-07-06 16:00:00,81.48,82.3,81.3,82.08,17026.5
1783357200000,2026-07-06 17:00:00,82.09,82.16,81.48,81.64,14848.594
1783360800000,2026-07-06 18:00:00,81.64,82.31,81.32,81.98,16574.095
1783364400000,2026-07-06 19:00:00,81.99,82.19,81.83,82.07,11481.642
1783368000000,2026-07-06 20:00:00,82.09,82.24,81.71,82.08,8273.96
1783371600000,2026-07-06 21:00:00,82.09,83.59,82.07,82.79,16760.038
1783375200000,2026-07-06 22:00:00,82.8,82.85,82.28,82.28,6255.38
1783378800000,2026-07-06 23:00:00,82.3,82.4,81.92,81.93,5404.003
1783382400000,2026-07-07 00:00:00,81.93,82.47,81.83,82.37,11006.737
1783386000000,2026-07-07 01:00:00,82.37,82.37,81.85,81.89,36893.38
1783389600000,2026-07-07 02:00:00,81.89,81.98,81.3,81.32,8986.721
1783393200000,2026-07-07 03:00:00,81.34,81.47,80.97,81.08,7441.14
1783396800000,2026-07-07 04:00:00,81.06,81.07,80.66,80.93,9018.463
1783400400000,2026-07-07 05:00:00,80.91,81.22,80.48,81.09,6389.965
1783404000000,2026-07-07 06:00:00,81.1,81.62,80.84,81.54,7425.168
1783407600000,2026-07-07 07:00:00,81.51,81.75,81.37,81.5,7772.145
1783411200000,2026-07-07 08:00:00,81.5,81.59,81.21,81.25,12061.218
1783414800000,2026-07-07 09:00:00,81.27,81.49,81.16,81.33,7368.534
1783418400000,2026-07-07 10:00:00,81.31,81.57,80.93,80.98,12165.942
1783422000000,2026-07-07 11:00:00,80.98,81.38,80.77,81.3,11721.145
1783425600000,2026-07-07 12:00:00,81.32,81.98,81.32,81.45,7827.36
1783429200000,2026-07-07 13:00:00,81.45,81.61,80.69,80.84,17442.774
1783432800000,2026-07-07 14:00:00,80.83,81.85,80.57,81.84,22410.725
1783436400000,2026-07-07 15:00:00,81.82,82.34,81.51,82.12,15551.195
1783440000000,2026-07-07 16:00:00,82.13,82.56,81.82,82.21,15528.651
1783443600000,2026-07-07 17:00:00,82.21,82.79,82.14,82.71,14315.12
1783447200000,2026-07-07 18:00:00,82.69,82.69,81.26,81.27,11454.446
1783450800000,2026-07-07 19:00:00,81.28,81.57,80.81,81.34,14880.643
1783454400000,2026-07-07 20:00:00,81.34,81.48,81.03,81.15,5939.823
1783458000000,2026-07-07 21:00:00,81.16,81.4,80.58,80.8,10250.055
1783461600000,2026-07-07 22:00:00,80.83,81.09,80.37,80.86,10796.726
1783465200000,2026-07-07 23:00:00,80.89,81.15,80.51,80.52,6576.844
1783468800000,2026-07-08 00:00:00,80.52,80.78,80.36,80.5,28995.952
1783472400000,2026-07-08 01:00:00,80.36,80.41,78.9,79.1,11620.378
1783476000000,2026-07-08 02:00:00,79.09,79.18,78.27,79.03,16720.722
1783479600000,2026-07-08 03:00:00,79.06,79.32,78.63,78.71,6776.931
1783483200000,2026-07-08 04:00:00,78.72,78.92,78.42,78.64,10408.663
1783486800000,2026-07-08 05:00:00,78.64,78.81,78.36,78.41,6252.716
1783490400000,2026-07-08 06:00:00,78.42,78.43,77.95,78.21,10162.705
1783494000000,2026-07-08 07:00:00,78.22,78.32,77.82,78.29,9242.801
1783497600000,2026-07-08 08:00:00,78.29,78.42,76.94,77.26,18496.816
1783501200000,2026-07-08 09:00:00,77.25,77.44,77.03,77.19,12262.446
1783504800000,2026-07-08 10:00:00,77.18,77.46,76.96,77.31,4912.132
1783508400000,2026-07-08 11:00:00,77.32,77.66,77.09,77.55,7534.27
1783512000000,2026-07-08 12:00:00,77.55,77.64,77.05,77.05,4884.124
1783515600000,2026-07-08 13:00:00,77.03,77.46,76.66,77.3,13161.128
1783519200000,2026-07-08 14:00:00,77.3,77.41,76.75,77.14,16288.711
1783522800000,2026-07-08 15:00:00,77.11,77.12,76.31,76.75,11749.717
1783526400000,2026-07-08 16:00:00,76.75,77.35,76.75,77.3,9410.506
1783530000000,2026-07-08 17:00:00,77.28,77.66,77.05,77.13,7085.086
1783533600000,2026-07-08 18:00:00,77.13,77.36,76.83,77.16,7437.879
1783537200000,2026-07-08 19:00:00,77.14,77.49,76.95,77.43,9421.401
1783540800000,2026-07-08 20:00:00,77.43,77.55,77.06,77.18,6574.649
1783544400000,2026-07-08 21:00:00,77.18,77.32,76.94,77.25,6628.723
1783548000000,2026-07-08 22:00:00,77.26,77.53,77.2,77.53,8576.032
1783551600000,2026-07-08 23:00:00,77.54,77.9,77.46,77.82,9242.474
1783555200000,2026-07-09 00:00:00,77.81,77.88,77.53,77.7,18322.464
1783558800000,2026-07-09 01:00:00,77.7,78.63,77.35,77.37,15019.425
1783562400000,2026-07-09 02:00:00,77.37,77.84,77.0,77.06,11564.332
1783566000000,2026-07-09 03:00:00,77.07,77.36,76.72,77.29,9799.983
1783569600000,2026-07-09 04:00:00,77.29,78.01,77.23,77.99,8614.511
1783573200000,2026-07-09 05:00:00,77.97,78.4,77.75,78.4,10397.415
1783576800000,2026-07-09 06:00:00,78.41,78.58,78.13,78.45,10255.953
1783580400000,2026-07-09 07:00:00,78.47,78.8,78.15,78.21,7928.557
1783584000000,2026-07-09 08:00:00,78.22,78.39,78.02,78.14,8772.176
1783587600000,2026-07-09 09:00:00,78.12,78.19,77.87,78.12,8275.741
1783591200000,2026-07-09 10:00:00,78.13,78.19,77.54,77.66,11011.287
1783594800000,2026-07-09 11:00:00,77.69,77.75,77.33,77.62,16091.894
1783598400000,2026-07-09 12:00:00,77.62,78.14,77.44,77.64,17734.018
1783602000000,2026-07-09 13:00:00,77.63,78.49,77.44,78.23,17395.869
1783605600000,2026-07-09 14:00:00,78.23,78.34,77.58,77.87,18542.275
1783609200000,2026-07-09 15:00:00,77.92,78.14,77.54,77.64,17303.798
1783612800000,2026-07-09 16:00:00,77.62,77.79,77.26,77.66,11048.841
1783616400000,2026-07-09 17:00:00,77.68,78.13,77.63,78.05,10155.225
1783620000000,2026-07-09 18:00:00,78.08,78.4,78.02,78.23,11273.783
1783623600000,2026-07-09 19:00:00,78.23,78.31,77.92,78.12,7210.748
1783627200000,2026-07-09 20:00:00,78.17,78.3,77.99,78.09,5420.725
1783630800000,2026-07-09 21:00:00,78.16,78.27,77.92,78.05,6732.384
1783634400000,2026-07-09 22:00:00,78.04,78.28,78.01,78.13,10895.165
1783638000000,2026-07-09 23:00:00,78.11,80.77,66.0,78.06,23025.019
1783641600000,2026-07-10 00:00:00,78.04,78.16,77.83,78.09,15208.582
1783645200000,2026-07-10 01:00:00,78.1,79.44,77.96,79.04,13549.015
1783648800000,2026-07-10 02:00:00,79.05,79.14,78.84,79.05,11463.889
1783652400000,2026-07-10 03:00:00,79.05,79.1,78.73,78.95,11568.807
1783656000000,2026-07-10 04:00:00,78.95,79.1,78.85,78.98,7070.762
1783659600000,2026-07-10 05:00:00,78.97,79.34,78.88,79.17,11262.56
1783663200000,2026-07-10 06:00:00,79.19,79.24,78.88,78.89,5723.871
1783666800000,2026-07-10 07:00:00,78.92,79.08,78.76,78.84,2180.341
1783670400000,2026-07-10 08:00:00,78.88,79.41,78.83,79.2,7877.61
1783674000000,2026-07-10 09:00:00,79.2,79.37,78.95,79.22,7569.701
1783677600000,2026-07-10 10:00:00,79.23,79.63,79.15,79.41,6156.476
1783681200000,2026-07-10 11:00:00,79.4,79.52,79.19,79.35,4337.772
1783684800000,2026-07-10 12:00:00,79.39,79.52,78.91,78.94,6803.01
1783688400000,2026-07-10 13:00:00,78.91,79.33,78.8,79.02,9702.477
1783692000000,2026-07-10 14:00:00,79.0,79.0,77.23,77.93,27586.044
1783695600000,2026-07-10 15:00:00,77.93,78.35,77.82,78.11,20526.699
1783699200000,2026-07-10 16:00:00,78.1,78.25,77.67,78.14,12534.199
1783702800000,2026-07-10 17:00:00,78.14,78.16,77.58,77.58,7570.387
1783706400000,2026-07-10 18:00:00,77.58,77.86,77.36,77.53,7913.851
1783710000000,2026-07-10 19:00:00,77.53,78.05,77.46,77.92,9643.383
1783713600000,2026-07-10 20:00:00,77.92,77.99,77.72,77.76,17411.652
1783717200000,2026-07-10 21:00:00,77.73,78.09,77.72,77.99,10612.477
1783720800000,2026-07-10 22:00:00,77.99,78.22,77.97,78.18,6190.583
1783724400000,2026-07-10 23:00:00,78.19,78.19,77.98,78.13,15094.023
1783728000000,2026-07-11 00:00:00,78.13,78.13,77.8,77.88,9995.979
1783731600000,2026-07-11 01:00:00,77.87,78.06,77.48,77.57,4603.774
1783735200000,2026-07-11 02:00:00,77.54,77.82,77.51,77.78,4695.246
1783738800000,2026-07-11 03:00:00,77.77,77.86,77.63,77.81,3467.466
1783742400000,2026-07-11 04:00:00,77.79,77.86,77.65,77.72,5178.731
1783746000000,2026-07-11 05:00:00,77.73,77.96,77.61,77.9,2878.985
1783749600000,2026-07-11 06:00:00,77.91,78.12,77.8,78.06,6828.906
1783753200000,2026-07-11 07:00:00,78.07,78.1,77.96,77.98,5248.5
1783756800000,2026-07-11 08:00:00,77.98,78.17,77.95,78.16,13239.214
1783760400000,2026-07-11 09:00:00,78.17,78.33,77.83,77.83,6949.355
1783764000000,2026-07-11 10:00:00,77.84,78.1,77.79,78.05,6595.983
1783767600000,2026-07-11 11:00:00,78.04,78.15,77.99,78.1,4863.233
1783771200000,2026-07-11 12:00:00,78.1,78.21,77.96,78.09,17611.581
1783774800000,2026-07-11 13:00:00,78.08,78.42,78.04,78.17,14622.461
1783778400000,2026-07-11 14:00:00,78.17,78.65,78.17,78.49,8261.546
1783782000000,2026-07-11 15:00:00,78.49,78.81,77.99,78.38,11269.158
1783785600000,2026-07-11 16:00:00,78.38,78.4,77.68,77.93,9858.831
1783789200000,2026-07-11 17:00:00,77.93,78.17,77.83,78.08,5795.685
1783792800000,2026-07-11 18:00:00,78.09,78.27,78.01,78.08,10563.121
1783796400000,2026-07-11 19:00:00,78.08,78.15,77.9,78.14,14464.694
1783800000000,2026-07-11 20:00:00,78.15,78.28,78.11,78.18,3112.827
1783803600000,2026-07-11 21:00:00,78.17,78.32,78.14,78.22,6400.658
1783807200000,2026-07-11 22:00:00,78.23,78.78,77.64,77.88,12481.903
1783810800000,2026-07-11 23:00:00,77.88,77.92,76.78,76.79,12808.397
1783814400000,2026-07-12 00:00:00,76.79,76.85,75.64,76.08,32100.362
1783818000000,2026-07-12 01:00:00,76.08,76.87,76.04,76.83,16117.56
1783821600000,2026-07-12 02:00:00,76.84,76.92,76.64,76.86,12953.785
1783825200000,2026-07-12 03:00:00,76.87,77.08,76.76,77.03,6472.037
1783828800000,2026-07-12 04:00:00,77.04,77.06,76.62,76.7,8839.914
1783832400000,2026-07-12 05:00:00,76.71,76.81,76.4,76.45,10173.15
1783836000000,2026-07-12 06:00:00,76.45,76.45,75.88,76.36,9074.515
1783839600000,2026-07-12 07:00:00,76.37,76.7,76.32,76.51,10137.917
1783843200000,2026-07-12 08:00:00,76.51,76.83,76.47,76.7,11366.884
1783846800000,2026-07-12 09:00:00,76.71,76.9,76.4,76.76,10682.068
1783850400000,2026-07-12 10:00:00,76.76,76.84,76.67,76.7,7754.978
1783854000000,2026-07-12 11:00:00,76.71,77.25,76.54,76.96,6029.06
1783857600000,2026-07-12 12:00:00,76.96,77.24,76.79,77.17,6927.907
1783861200000,2026-07-12 13:00:00,77.17,77.48,77.13,77.16,8972.584
1783864800000,2026-07-12 14:00:00,77.15,77.74,76.98,77.55,12695.583
1783868400000,2026-07-12 15:00:00,77.54,77.62,77.28,77.45,13320.665
1783872000000,2026-07-12 16:00:00,77.47,77.66,77.38,77.55,10460.277
1783875600000,2026-07-12 17:00:00,77.55,77.61,77.26,77.36,18063.994
1783879200000,2026-07-12 18:00:00,77.36,77.64,77.25,77.57,10711.297
1783882800000,2026-07-12 19:00:00,77.57,77.75,77.44,77.68,6099.879
1783886400000,2026-07-12 20:00:00,77.69,77.71,77.44,77.46,17211.336
1783890000000,2026-07-12 21:00:00,77.45,78.39,76.86,77.1,19433.049
1783893600000,2026-07-12 22:00:00,77.1,77.11,76.5,76.77,12405.432
1783897200000,2026-07-12 23:00:00,76.76,76.94,76.65,76.9,10009.492
1783900800000,2026-07-13 00:00:00,76.92,78.13,76.85,77.54,25204.304
1783904400000,2026-07-13 01:00:00,77.54,77.64,76.31,76.36,16546.464
1783908000000,2026-07-13 02:00:00,76.31,76.67,76.16,76.5,11070.591
1783911600000,2026-07-13 03:00:00,76.48,76.49,75.47,75.84,13501.344
1783915200000,2026-07-13 04:00:00,75.86,76.13,75.73,75.94,9760.599
1783918800000,2026-07-13 05:00:00,75.94,76.46,75.81,76.38,12492.963
1783922400000,2026-07-13 06:00:00,76.38,76.58,76.28,76.35,8218.843
1783926000000,2026-07-13 07:00:00,76.35,76.68,76.23,76.45,6982.227
1783929600000,2026-07-13 08:00:00,76.44,76.89,76.36,76.73,10121.126
1783933200000,2026-07-13 09:00:00,76.74,76.74,76.6,76.63,2987.757
1783936800000,2026-07-13 10:00:00,76.63,76.63,76.12,76.26,7128.637
1783940400000,2026-07-13 11:00:00,76.27,76.58,76.27,76.34,5723.397
1783944000000,2026-07-13 12:00:00,76.36,76.4,75.75,75.85,9177.544
1783947600000,2026-07-13 13:00:00,75.85,75.93,75.14,75.39,13260.139
1783951200000,2026-07-13 14:00:00,75.4,76.18,75.37,76.15,17346.477
1783954800000,2026-07-13 15:00:00,76.15,76.3,75.76,75.82,7478.042
1783958400000,2026-07-13 16:00:00,75.82,75.99,75.21,75.29,8014.998
1783962000000,2026-07-13 17:00:00,75.29,75.44,74.57,74.57,8089.494
1783965600000,2026-07-13 18:00:00,74.62,75.04,74.57,74.87,9336.362
1783969200000,2026-07-13 19:00:00,74.86,75.23,74.76,75.23,5629.925
1783972800000,2026-07-13 20:00:00,75.19,75.33,74.63,74.77,5616.071
1783976400000,2026-07-13 21:00:00,74.79,74.81,74.19,74.42,17836.427
1783980000000,2026-07-13 22:00:00,74.41,74.73,74.41,74.51,4959.299
1783983600000,2026-07-13 23:00:00,74.51,75.01,74.41,75.01,6864.578
1783987200000,2026-07-14 00:00:00,75.03,75.47,74.84,75.44,11460.42
1783990800000,2026-07-14 01:00:00,75.45,75.55,75.22,75.31,5922.735
1783994400000,2026-07-14 02:00:00,75.31,75.33,74.88,75.09,4672.413
1783998000000,2026-07-14 03:00:00,75.06,75.17,74.57,75.16,6241.544
1784001600000,2026-07-14 04:00:00,75.16,75.34,75.05,75.15,4187.672
1784005200000,2026-07-14 05:00:00,75.16,75.47,75.11,75.38,3279.865
1784008800000,2026-07-14 06:00:00,75.38,75.44,75.1,75.16,3582.467
1784012400000,2026-07-14 07:00:00,75.15,75.25,74.91,74.97,3471.5
1784016000000,2026-07-14 08:00:00,74.95,75.39,74.89,75.17,4440.0
1784019600000,2026-07-14 09:00:00,75.17,75.31,74.88,75.08,3802.849
1784023200000,2026-07-14 10:00:00,75.09,75.58,74.98,75.47,6325.623
1784026800000,2026-07-14 11:00:00,75.48,75.6,75.36,75.38,3201.946
1784030400000,2026-07-14 12:00:00,75.39,76.87,75.2,76.85,20727.818
1784034000000,2026-07-14 13:00:00,76.85,77.71,76.54,76.94,18962.967
1784037600000,2026-07-14 14:00:00,76.95,77.4,76.68,77.4,17872.474
1784041200000,2026-07-14 15:00:00,77.4,77.81,77.2,77.38,15191.269
1784044800000,2026-07-14 16:00:00,77.37,77.63,77.14,77.29,10827.848
1784048400000,2026-07-14 17:00:00,77.26,77.28,76.86,77.17,8691.18
1784052000000,2026-07-14 18:00:00,77.19,77.34,77.0,77.29,6075.042
1784055600000,2026-07-14 19:00:00,77.29,77.54,77.1,77.15,5674.125
1784059200000,2026-07-14 20:00:00,77.15,77.21,76.93,77.18,9490.076
1784062800000,2026-07-14 21:00:00,77.18,77.4,60.85,77.2,7509.159
1784066400000,2026-07-14 22:00:00,77.22,77.91,77.14,77.62,7288.394
1784070000000,2026-07-14 23:00:00,77.63,77.92,77.58,77.84,7109.39
1784073600000,2026-07-15 00:00:00,77.85,77.91,77.47,77.67,8298.252
1784077200000,2026-07-15 01:00:00,77.67,77.82,77.29,77.44,8681.355
1784080800000,2026-07-15 02:00:00,77.44,77.58,77.05,77.27,5644.419
1784084400000,2026-07-15 03:00:00,77.28,77.89,77.23,77.8,4760.569
1784088000000,2026-07-15 04:00:00,77.8,78.18,77.55,78.02,5826.486
1784091600000,2026-07-15 05:00:00,78.01,78.28,77.66,78.28,6596.663
1784095200000,2026-07-15 06:00:00,78.27,78.67,77.94,77.94,8593.015
1784098800000,2026-07-15 07:00:00,77.95,78.01,77.4,77.42,4403.636
1784102400000,2026-07-15 08:00:00,77.41,77.61,77.24,77.58,4580.036
1784106000000,2026-07-15 09:00:00,77.57,77.91,77.44,77.49,4126.147
1784109600000,2026-07-15 10:00:00,77.48,77.71,77.24,77.37,3351.333
1784113200000,2026-07-15 11:00:00,77.36,77.53,77.35,77.53,3448.576
1784116800000,2026-07-15 12:00:00,77.53,78.3,77.27,78.28,13066.267
1784120400000,2026-07-15 13:00:00,78.28,79.02,77.76,78.09,22009.882
1784124000000,2026-07-15 14:00:00,78.09,78.37,77.8,78.21,16298.521
1784127600000,2026-07-15 15:00:00,78.21,78.25,77.78,78.06,11308.455
1784131200000,2026-07-15 16:00:00,78.07,78.12,77.1,77.64,16557.474
1784134800000,2026-07-15 17:00:00,77.63,78.03,77.5,77.82,10087.254
1784138400000,2026-07-15 18:00:00,77.83,78.08,77.54,77.57,6473.585
1784142000000,2026-07-15 19:00:00,77.56,77.69,76.98,77.16,7784.024
1784145600000,2026-07-15 20:00:00,77.15,78.48,77.13,77.39,19591.455
1784149200000,2026-07-15 21:00:00,77.38,77.52,77.24,77.42,4667.961
1784152800000,2026-07-15 22:00:00,77.41,77.71,77.32,77.49,5235.055
1784156400000,2026-07-15 23:00:00,77.48,77.61,77.22,77.28,4173.781
1784160000000,2026-07-16 00:00:00,77.28,77.49,76.7,76.94,9186.728
1784163600000,2026-07-16 01:00:00,76.94,77.15,76.72,77.08,8015.168
1784167200000,2026-07-16 02:00:00,77.08,77.15,76.88,77.14,4307.51
1784170800000,2026-07-16 03:00:00,77.13,77.26,76.81,76.94,8560.467
1784174400000,2026-07-16 04:00:00,76.95,77.0,76.7,76.77,5943.92
1784178000000,2026-07-16 05:00:00,76.78,77.51,76.75,77.48,10599.714
1784181600000,2026-07-16 06:00:00,77.48,77.53,77.11,77.34,7471.903
1784185200000,2026-07-16 07:00:00,77.35,77.35,76.21,76.43,9598.655
1784188800000,2026-07-16 08:00:00,76.43,76.47,75.68,76.13,14562.904
1784192400000,2026-07-16 09:00:00,76.16,76.26,76.01,76.03,5799.21
1784196000000,2026-07-16 10:00:00,76.02,76.35,76.02,76.19,1914.301
1784199600000,2026-07-16 11:00:00,76.21,76.29,76.05,76.28,3325.732
1784203200000,2026-07-16 12:00:00,76.28,76.28,75.7,75.93,5317.122
1784206800000,2026-07-16 13:00:00,75.92,76.61,75.92,76.35,10623.019
1784210400000,2026-07-16 14:00:00,76.34,76.77,76.25,76.48,10232.323
1784214000000,2026-07-16 15:00:00,76.46,76.84,76.0,76.62,10065.947
1784217600000,2026-07-16 16:00:00,76.63,76.63,76.11,76.28,8120.977
1784221200000,2026-07-16 17:00:00,76.27,76.27,75.42,75.6,10686.271
1784224800000,2026-07-16 18:00:00,75.6,75.92,75.44,75.75,29645.167
1784228400000,2026-07-16 19:00:00,75.75,75.89,75.62,75.86,18072.059
1784232000000,2026-07-16 20:00:00,75.83,75.9,75.61,75.8,4310.699
1784235600000,2026-07-16 21:00:00,75.8,76.08,75.77,75.94,2214.445
1784239200000,2026-07-16 22:00:00,75.94,76.04,75.26,75.35,4950.109
1784242800000,2026-07-16 23:00:00,75.33,75.41,75.04,75.3,6833.227
1784246400000,2026-07-17 00:00:00,75.32,75.55,75.03,75.55,11605.78
1784250000000,2026-07-17 01:00:00,75.56,75.73,74.98,75.1,8888.703
1784253600000,2026-07-17 02:00:00,75.1,75.27,74.79,75.0,6579.847
1784257200000,2026-07-17 03:00:00,75.0,75.44,74.99,75.23,4234.616
1784260800000,2026-07-17 04:00:00,75.23,75.34,74.75,75.25,6877.29
1784264400000,2026-07-17 05:00:00,75.25,75.25,74.31,74.37,9816.857
1784268000000,2026-07-17 06:00:00,74.39,74.74,74.31,74.59,5529.601
1784271600000,2026-07-17 07:00:00,74.59,74.76,74.43,74.61,2643.546
1784275200000,2026-07-17 08:00:00,74.61,74.66,74.22,74.51,7619.805
1784278800000,2026-07-17 09:00:00,74.52,74.81,74.47,74.65,3379.246
1784282400000,2026-07-17 10:00:00,74.66,74.88,74.63,74.79,5823.879
1784286000000,2026-07-17 11:00:00,74.8,75.0,74.65,74.87,6358.132
1784289600000,2026-07-17 12:00:00,74.86,74.88,74.38,74.4,4971.709
1784293200000,2026-07-17 13:00:00,74.38,74.39,73.41,74.33,19070.999
1784296800000,2026-07-17 14:00:00,74.33,74.81,74.13,74.33,15565.013
1784300400000,2026-07-17 15:00:00,74.33,74.78,73.84,74.78,15486.774
1784304000000,2026-07-17 16:00:00,74.78,75.09,74.63,74.94,8499.239
1784307600000,2026-07-17 17:00:00,74.94,75.59,74.94,75.26,10774.61
1784311200000,2026-07-17 18:00:00,75.24,75.38,74.99,75.34,8290.022
1784314800000,2026-07-17 19:00:00,75.32,75.37,74.89,75.26,5289.042
1784318400000,2026-07-17 20:00:00,75.24,75.24,74.9,75.1,4824.397
1784322000000,2026-07-17 21:00:00,75.11,75.24,74.97,75.02,3519.034
1784325600000,2026-07-17 22:00:00,75.02,75.12,74.84,75.02,2808.001
1784329200000,2026-07-17 23:00:00,75.03,75.14,74.85,75.03,2467.649
1784332800000,2026-07-18 00:00:00,75.03,75.27,74.99,75.09,3287.406
1784336400000,2026-07-18 01:00:00,75.11,75.24,75.05,75.22,1929.745
1784340000000,2026-07-18 02:00:00,75.24,75.44,75.15,75.23,1689.404
1784343600000,2026-07-18 03:00:00,75.22,75.38,75.15,75.38,1103.19
1784347200000,2026-07-18 04:00:00,75.38,75.39,75.05,75.11,1341.408
1784350800000,2026-07-18 05:00:00,75.1,75.11,74.87,74.91,2733.592
1784354400000,2026-07-18 06:00:00,74.93,75.09,74.92,74.99,1921.401
1784358000000,2026-07-18 07:00:00,74.98,75.05,74.9,74.97,3343.101
1784361600000,2026-07-18 08:00:00,74.97,75.04,74.8,74.95,3257.269
1784365200000,2026-07-18 09:00:00,74.94,75.01,74.67,74.85,1671.795
1784368800000,2026-07-18 10:00:00,74.85,74.95,74.8,74.89,1936.777
1784372400000,2026-07-18 11:00:00,74.9,75.02,74.9,74.96,936.28
1784376000000,2026-07-18 12:00:00,74.97,75.18,74.73,75.02,3998.103
1784379600000,2026-07-18 13:00:00,75.02,75.02,74.52,74.71,4121.825
1784383200000,2026-07-18 14:00:00,74.75,75.01,74.65,74.99,3534.202
1784386800000,2026-07-18 15:00:00,74.98,75.02,74.83,74.96,4202.717
1784390400000,2026-07-18 16:00:00,74.97,75.29,74.85,75.17,4219.126
1784394000000,2026-07-18 17:00:00,75.18,75.41,75.06,75.36,7627.772
1784397600000,2026-07-18 18:00:00,75.36,76.03,75.22,75.29,22579.991
1784401200000,2026-07-18 19:00:00,75.29,75.45,75.23,75.45,2305.472
1784404800000,2026-07-18 20:00:00,75.45,75.57,75.33,75.48,2802.708
1784408400000,2026-07-18 21:00:00,75.47,75.62,75.35,75.49,3556.509
1784412000000,2026-07-18 22:00:00,75.5,75.61,75.4,75.6,3715.192
1784415600000,2026-07-18 23:00:00,75.59,75.59,75.41,75.52,3819.359
1784419200000,2026-07-19 00:00:00,75.52,75.66,75.45,75.57,5351.696
1784422800000,2026-07-19 01:00:00,75.57,75.74,75.53,75.67,8708.911
1784426400000,2026-07-19 02:00:00,75.68,76.55,75.68,76.21,8769.034
1784430000000,2026-07-19 03:00:00,76.21,76.4,75.81,75.9,4401.169
1784433600000,2026-07-19 04:00:00,75.91,76.08,75.74,75.95,2082.514
1784437200000,2026-07-19 05:00:00,75.96,76.1,75.9,75.97,2009.87
1784440800000,2026-07-19 06:00:00,75.97,76.16,75.95,76.11,2824.515
1784444400000,2026-07-19 07:00:00,76.12,76.33,76.01,76.1,3736.666
1784448000000,2026-07-19 08:00:00,76.11,76.37,76.08,76.27,3599.069
1784451600000,2026-07-19 09:00:00,76.28,76.31,75.93,76.02,2991.067
1784455200000,2026-07-19 10:00:00,76.02,76.45,75.9,76.27,4243.458
1784458800000,2026-07-19 11:00:00,76.26,76.41,76.04,76.07,6549.927
1784462400000,2026-07-19 12:00:00,76.07,76.16,75.76,76.01,8304.194
1784466000000,2026-07-19 13:00:00,76.02,76.15,75.89,76.11,3760.11
1784469600000,2026-07-19 14:00:00,76.12,76.66,76.06,76.43,8351.202
1784473200000,2026-07-19 15:00:00,76.43,76.46,76.12,76.21,5744.685
1784476800000,2026-07-19 16:00:00,76.21,76.29,75.88,75.91,5601.196
1784480400000,2026-07-19 17:00:00,75.91,76.21,75.66,75.98,5429.364
1784484000000,2026-07-19 18:00:00,75.98,77.19,74.57,75.73,15661.436
1784487600000,2026-07-19 19:00:00,75.75,75.88,75.63,75.86,3724.591
1784491200000,2026-07-19 20:00:00,75.88,76.14,75.87,76.12,3466.045
1784494800000,2026-07-19 21:00:00,76.14,76.2,75.71,75.78,3550.21
1784498400000,2026-07-19 22:00:00,75.78,76.37,75.69,76.09,11254.303
1784502000000,2026-07-19 23:00:00,76.1,76.57,75.88,76.38,7477.615
1784505600000,2026-07-20 00:00:00,76.37,77.1,76.16,76.56,17153.264
1784509200000,2026-07-20 01:00:00,76.57,77.34,76.29,76.4,16698.137
1784512800000,2026-07-20 02:00:00,76.39,77.17,76.39,76.97,14159.602
1784516400000,2026-07-20 03:00:00,76.97,77.09,76.56,76.75,9832.505
1784520000000,2026-07-20 04:00:00,76.76,76.93,76.32,76.49,9280.818
1784523600000,2026-07-20 05:00:00,76.47,76.49,75.81,75.9,10211.952
1784527200000,2026-07-20 06:00:00,75.91,76.05,75.61,75.62,10634.23
1784530800000,2026-07-20 07:00:00,75.64,76.23,75.56,76.2,6567.42
1784534400000,2026-07-20 08:00:00,76.22,76.44,75.9,76.14,5755.653
1784538000000,2026-07-20 09:00:00,76.17,76.72,76.08,76.49,5980.309
1784541600000,2026-07-20 10:00:00,76.47,76.68,76.34,76.34,3418.889
1784545200000,2026-07-20 11:00:00,76.35,77.23,76.31,77.16,12561.204
1784548800000,2026-07-20 12:00:00,77.15,77.15,76.67,76.74,9086.955
1784552400000,2026-07-20 13:00:00,76.75,77.1,76.15,76.28,17511.37
1784556000000,2026-07-20 14:00:00,76.29,76.45,75.81,76.15,20009.093
1784559600000,2026-07-20 15:00:00,76.15,77.88,76.13,77.77,18666.638
1784563200000,2026-07-20 16:00:00,77.77,77.86,77.5,77.67,17027.937
1784566800000,2026-07-20 17:00:00,77.67,77.89,77.36,77.74,19989.801
1784570400000,2026-07-20 18:00:00,77.75,78.36,77.6,77.67,14257.658
1784574000000,2026-07-20 19:00:00,77.66,77.72,77.35,77.64,13253.873
1784577600000,2026-07-20 20:00:00,77.66,78.05,77.54,77.9,11850.123
1784581200000,2026-07-20 21:00:00,77.88,78.03,77.74,77.75,6535.538
1784584800000,2026-07-20 22:00:00,77.75,77.83,77.43,77.45,8381.311
1784588400000,2026-07-20 23:00:00,77.44,77.88,77.44,77.85,4665.985
1784592000000,2026-07-21 00:00:00,77.85,78.28,77.77,78.14,9985.285
1784595600000,2026-07-21 01:00:00,78.13,78.22,77.83,77.85,9631.584
1784599200000,2026-07-21 02:00:00,77.84,78.17,77.66,78.03,4978.166
1784602800000,2026-07-21 03:00:00,78.02,78.51,78.02,78.19,6781.489
1784606400000,2026-07-21 04:00:00,78.19,78.39,78.02,78.15,5792.223
1784610000000,2026-07-21 05:00:00,78.13,78.63,78.12,78.47,17259.155
1784613600000,2026-07-21 06:00:00,78.45,78.88,78.31,78.67,4817.708
1784617200000,2026-07-21 07:00:00,78.67,78.75,78.48,78.57,3927.191
1784620800000,2026-07-21 08:00:00,78.57,78.7,78.34,78.37,5166.661
1784624400000,2026-07-21 09:00:00,78.36,78.51,78.17,78.4,2112.163
1784628000000,2026-07-21 10:00:00,78.43,78.49,78.07,78.2,6617.72
1784631600000,2026-07-21 11:00:00,78.21,78.42,78.1,78.35,3702.503
1784635200000,2026-07-21 12:00:00,78.35,78.53,78.27,78.51,6703.75
1784638800000,2026-07-21 13:00:00,78.53,78.63,78.24,78.59,9530.113
1784642400000,2026-07-21 14:00:00,78.59,78.64,77.94,78.01,10166.419
1784646000000,2026-07-21 15:00:00,78.0,78.15,77.81,78.15,5262.643
1784649600000,2026-07-21 16:00:00,78.14,78.25,77.97,78.2,20533.412
1784653200000,2026-07-21 17:00:00,78.2,78.36,77.57,77.72,12854.303
1784656800000,2026-07-21 18:00:00,77.71,77.99,77.61,77.85,7100.051
1784660400000,2026-07-21 19:00:00,77.85,78.0,77.72,77.87,5541.653
1784664000000,2026-07-21 20:00:00,77.88,78.1,77.82,77.91,5571.106
1784667600000,2026-07-21 21:00:00,77.9,78.14,77.8,78.05,4400.971
1784671200000,2026-07-21 22:00:00,78.05,78.06,77.86,77.99,5294.269
1784674800000,2026-07-21 23:00:00,77.99,78.18,77.81,78.12,4079.987
1784678400000,2026-07-22 00:00:00,78.14,78.57,78.11,78.45,4037.64
